hash,trainerName,lang,text
38b7dc377f38c8c1,"Vincent",de,"(nicht ""Sie sind...?"")."
9a5d59777f9b402d,"Vincent",de,"Ab 14 Uhr nachmittags."
6de581241feb1798,"Vincent",de,"abbiegen"
b94dc23a1c3e73d2,"Vincent",de,"Abend"
e05b2a27857938a9,"Vincent",de,"Abendessen"
6bb9f3cedc3be63d,"Vincent",de,"Aber der Sommer ist zu heiß."
ed2ce9429661bb62,"Vincent",de,"Aber die Aussicht am Meer ist schöner."
f150399909b04c48,"Vincent",de,"Aber die gefährlichste Stelle ist die Klippe dort drüben."
e5118ec07d3a9f28,"Vincent",de,"Aber es sieht sehr praktisch aus."
02f0aaa4b2105ffb,"Vincent",de,"abfahren"
24d3dbf7800fa5f6,"Vincent",de,"Abfahrt"
d851a225945372aa,"Vincent",de,"Ablauf"
2090f6885548ff8c,"Vincent",de,"Abschlussfeier"
80438a21575ae927,"Vincent",de,"Abteilungsleiter/in"
3cfba11bac08f7ad,"Vincent",de,"ach"
1ed872880fcf2ea3,"Vincent",de,"Ach so? Aber sie ist sehr praktisch."
8541f2edc46593b1,"Vincent",de,"Achtung"
55fff4bf70164a6d,"Vincent",de,"Adjektive: Grundform und Angleichung"
23c3e6cce86eb759,"Vincent",de,"Affe"
03f4ee90686b7dad,"Vincent",de,"Afrika"
e72133be46099d5f,"Vincent",de,"Ägypten"
aea525623c79eb20,"Vincent",de,"Ah, das ist von hier aus nah."
480218ad9f751fd0,"Vincent",de,"Ah, das Museum. Es ist neben dem Park."
fff2bee9209e48dd,"Vincent",de,"ähneln"
071370da028ea648,"Vincent",de,"ähnlich"
f1fec8425d8dd6dc,"Vincent",de,"Ähre"
35c13f9f514ddf8c,"Vincent",de,"Albanien"
3272ee8dd6468493,"Vincent",de,"Allergie"
5e1730e5bd45a3c8,"Vincent",de,"Alles gut, ich habe ihn. Danke."
bac25181454e46ea,"Vincent",de,"Alouette"
88d73fd548a5a383,"Vincent",de,"Alouette, Alouette, oh!"
c7617a10712b51c2,"Vincent",de,"Alouette, ich werde dich rupfen"
63de89d6dab4971a,"Vincent",de,"Alouette, liebe Alouette"
0749d1f631c4748f,"Vincent",de,"Als Faustregel: gibt es ein Nomen ohne bestimmten Artikel, wird kein benutzt; sonst nicht."
19c33aab03a6d557,"Vincent",de,"Als Nächstes, mach bitte ein Pflaster drauf."
581da6f24076105b,"Vincent",de,"Also klettert die kleine Spinne wieder hoch"
e737b46af2813948,"Vincent",de,"Alter"
74080e85e0aa14af,"Vincent",de,"ältere Schwester"
4ee67f84b6163d48,"Vincent",de,"älterer Bruder"
fa6ce9aad7ef0531,"Vincent",de,"Am Montag gibt es eine Besprechung. Sie beginnt um 10 Uhr."
7e617da63fbdeb26,"Vincent",de,"Am Montag habe ich eine Verabredung."
6ff5b3b69e82b4fd,"Vincent",de,"Am Nachmittag beginnt der Unterricht."
a7fa7a52fdece9eb,"Vincent",de,"am steht bei Tagen und Tagesabschnitten (am Montag, am Vormittag)."
75ccf1441240a420,"Vincent",de,"Am Vormittag habe ich Zeit."
9173075c9f087f16,"Vincent",de,"Am Wochenende ändere ich meinen Plan."
3d0edeb720839c40,"Vincent",de,"Am Wochenende bin ich frei."
55b6cc708e1483df,"Vincent",de,"Amerika"
c71d2c34e81f7139,"Vincent",de,"Amerika, die USA"
011fff8ed6bd275c,"Vincent",de,"Ampel"
7a1c9054b7fa8c9f,"Vincent",de,"ändern (Plan)"
4f88e7cbd2dea56d,"Vincent",de,"Änderung"
a85ccfb103f11588,"Vincent",de,"Anfang"
dd1dae1a38a0c3ab,"Vincent",de,"angenehm"
e294698656aefee9,"Vincent",de,"Angestellte/r"
5d449f2f3258a0c0,"Vincent",de,"Angst"
9ed2e0a5b2fb3229,"Vincent",de,"ängstlich, unruhig"
c84f636881b87e8e,"Vincent",de,"ankommen"
394d309b01070d3c,"Vincent",de,"Ankunft"
25d9509968ead81e,"Vincent",de,"anlegen (Accessoires)"
4a29c49760956a72,"Vincent",de,"anprobieren"
0bba0a9f35d3fd97,"Vincent",de,"ansehen"
a17ad1dac3f76ade,"Vincent",de,"anstrengend"
2443443816be1af5,"Vincent",de,"antworten"
1e8fbc9fecd095bc,"Vincent",de,"Anzug"
76e2071e9e9a1523,"Vincent",de,"Apfel"
7e677c8afcd7e8a9,"Vincent",de,"Arbeit"
733600b27a22fe44,"Vincent",de,"Arbeit, Beruf"
8fa2e9d7d7c8246a,"Vincent",de,"Arbeit, Job"
d0ab74707041d3c3,"Vincent",de,"arbeiten"
0be7ae265c360b00,"Vincent",de,"Architekt"
c5bf930a683821a9,"Vincent",de,"Architektur"
fb21d037c8fd380f,"Vincent",de,"Argentinien"
a10e4a4dc88dce28,"Vincent",de,"Ärger"
c7a24861c129c37d,"Vincent",de,"Armenien"
ca0b9ef40641ac60,"Vincent",de,"Arzt/Ärztin"
4bd100848c8309bb,"Vincent",de,"Aserbaidschan"
62c3158c188857d1,"Vincent",de,"Asien"
cd3d8bd858800f3c,"Vincent",de,"Aua! Ich habe mir die Hand verletzt."
3195564d5c3bac73,"Vincent",de,"auch"
8733e7d6c66de320,"Vincent",de,"auffällig"
291b27703c1c755d,"Vincent",de,"auffällig, extravagant"
ffa8310b245f4168,"Vincent",de,"aufkleben, anbringen"
176d102b2ae21286,"Vincent",de,"aufpassen, vorsichtig sein"
9ac361d92aea43c2,"Vincent",de,"aufräumen"
7ed0caf4337f3176,"Vincent",de,"aufwachsen"
d2b7e50c48305dd4,"Vincent",de,"aufziehen"
568a685bd03a89a7,"Vincent",de,"Augen"
9b13605a093baa5b,"Vincent",de,"Augen und Ohren und Mund und Nase"
2342caaafc705009,"Vincent",de,"Aus welchem Land kommen Sie?"
0b5c62b9c2e373c5,"Vincent",de,"Ausgang"
2f717f791f75756d,"Vincent",de,"aushalten"
d8b6be8ec4f9763a,"Vincent",de,"aushalten, zurückhalten"
f174d4d4014a0bd3,"Vincent",de,"Aussehen"
23a65dde07b5568b,"Vincent",de,"aussehen, erscheinen"
d76d34217b6cd0aa,"Vincent",de,"Aussprachetraining"
28641f5456d6f4d6,"Vincent",de,"Aussprachetraining 2"
ec5b06f8af314290,"Vincent",de,"aussteigen"
e177f793cfab5da1,"Vincent",de,"Australien"
ab74d2a9f49b5831,"Vincent",de,"auswählen"
dcc1bb1bb9ada6bc,"Vincent",de,"ausziehen"
28737ab74ba5fe69,"Vincent",de,"Auto"
9e3fc9361d75561b,"Vincent",de,"B."
6f1e1861f95f9aad,"Vincent",de,"Baby"
91705de395e54e78,"Vincent",de,"Bach"
10595f2758280ac3,"Vincent",de,"Bäcker"
a2fd099da5b20448,"Vincent",de,"Bad"
bbe782bda959cc50,"Vincent",de,"Badezimmer"
c90de5879653be7b,"Vincent",de,"Bahnhof"
72f0651088eb95b9,"Vincent",de,"Bahnsteig"
3dfa9679baa9972a,"Vincent",de,"Bahnsteigsperre"
a9ef92c5f617489a,"Vincent",de,"Ball"
f122e4cc6f1bbe2a,"Vincent",de,"Bär"
34acce125d9f2f08,"Vincent",de,"Bar oder Karte?"
ff7c4603b4eddd37,"Vincent",de,"Bargeld"
1c6619dfa54e98c4,"Vincent",de,"Bart, Schnurrbart"
eeb1a71e3221834b,"Vincent",de,"Bauch"
0e77055a8086e0f1,"Vincent",de,"Baum"
a976883dfcb8ffd1,"Vincent",de,"beängstigend, ängstlich"
a0945e0149bdf7fa,"Vincent",de,"Beförderung"
2125c04aba07517f,"Vincent",de,"beginnen"
74c41583707f592c,"Vincent",de,"Beim nächsten Mal klappt es bestimmt."
ed1e59d8622261c3,"Vincent",de,"Beim Umsteigen benutzt man umsteigen in + Akkusativ für das neue Verkehrsmittel oder einfach den Ortsnamen: in Shinjuku umsteigen."
b3a7d91b43f9b421,"Vincent",de,"Bein"
42240f5b1ddd5b92,"Vincent",de,"Beine, Füße"
b313c387c1ac17eb,"Vincent",de,"belebt"
e34f172e884a6aa4,"Vincent",de,"bellen"
8e0ba109a611c1e0,"Vincent",de,"benutzen"
b048840657f4883e,"Vincent",de,"Bereichsleiter/in"
0b17ecc7728ec276,"Vincent",de,"Berg"
0c4b09c82edcfe96,"Vincent",de,"Beruf"
49dbd3cf292356c7,"Vincent",de,"berühren"
415afcb832ce6eea,"Vincent",de,"beschäftigt"
3a3a31f9829bed1a,"Vincent",de,"besitzen, halten"
f312db2545a7c6ea,"Vincent",de,"besorgt"
968f789b603185e3,"Vincent",de,"besprechen"
afa63dd3cb2928a9,"Vincent",de,"Besprechung"
ed478ee6747b7d22,"Vincent",de,"besteigen, hinaufsteigen"
89b51e637cb710b2,"Vincent",de,"bestellen"
9ff3c62e57c6d549,"Vincent",de,"betrachten, hinausblicken"
ad8badae81d1ac7d,"Vincent",de,"Bett"
2e2ad3821eb14098,"Vincent",de,"beugen"
733e25ced60449ac,"Vincent",de,"Bevor es losgeht, ein kurzes Wort von deiner Lehrkraft."
5e4984c117ad429e,"Vincent",de,"bewegen (etwas)"
131ea7161a5ecad1,"Vincent",de,"bewölkt"
a8cc7b15a5cffa5a,"Vincent",de,"bezahlen"
78420a39680f0c07,"Vincent",de,"Bibliothek"
3280e02a82426798,"Vincent",de,"Biegen Sie vor dem Bahnhof rechts ab."
b08a4282daad7bee,"Vincent",de,"Biegen Sie vor der Kreuzung ab."
adee87a436b9fddb,"Vincent",de,"Bild"
2784ebdce16bc60c,"Vincent",de,"Bist du am Freitag beschäftigt?"
6de99d71e6c63c46,"Vincent",de,"Bist du bereit? Fangen wir an!"
11e3136a95ac07f1,"Vincent",de,"Bist du schon einmal hochgestiegen?"
cb961dbd1ccde887,"Vincent",de,"Bitte beschreiben Sie mir das Aussehen der Person."
348daabd3b9dc147,"Vincent",de,"Bitte sehr."
0957548cc6de7c09,"Vincent",de,"Bitte sehr. Sie haben mir sehr geholfen!"
bec6f6105ba8f87e,"Vincent",de,"Bitte überanstreng dich nicht."
a7e4275608a56593,"Vincent",de,"Bitte, kommen Sie herein."
b851bd949675725e,"Vincent",de,"Bitte. Ich mache mir Sorgen."
b9b324e14d9a687b,"Vincent",de,"blau"
b7334a3474f6756a,"Vincent",de,"bleiben"
f24d19b172a1e150,"Vincent",de,"Bleibt sicher!"
1673733c7c147012,"Vincent",de,"Bleistift"
f207715bc199793c,"Vincent",de,"Blume"
56185efb7e3382ff,"Vincent",de,"Blut"
3eeaa3a75b9c04f6,"Vincent",de,"Bock"
0fa72b992e3f7e48,"Vincent",de,"Boden"
8565c300837a06aa,"Vincent",de,"Bonbon"
59ea0d0e819b2400,"Vincent",de,"Boot"
d37237575e0b492f,"Vincent",de,"Brasilien"
0ea0c449680bb791,"Vincent",de,"brauchen"
8a0c8981f45029a0,"Vincent",de,"brauchen, benötigen"
f68621b60d79c2bb,"Vincent",de,"Brille"
4b9dbf940c9b9646,"Vincent",de,"Bring dein Buch mit!"
5ca44f5b9ecb8a7e,"Vincent",de,"Bring dein Heft mit!"
69502da4accee4a6,"Vincent",de,"Bring dein Lehrbuch mit. Ich bringe mein Heft mit."
d1216a5af3d04898,"Vincent",de,"Brot"
aea63e7a48a7671a,"Vincent",de,"Bruder"
91f3e9b1413ab4e9,"Vincent",de,"Bruder Jakob"
72048ab0621e74fd,"Vincent",de,"Bruder Jakob, Bruder Jakob,"
87f526e015c2d220,"Vincent",de,"Brust"
9629234cee3601f5,"Vincent",de,"Buch"
2a59cd9c7e881577,"Vincent",de,"Bücher"
5f44425a840d6ff1,"Vincent",de,"Bücherregal"
e7095f0c71a32283,"Vincent",de,"Bulgarien"
e71474ff80c8d3ec,"Vincent",de,"Bund"
dfa0015d7571a862,"Vincent",de,"bunt"
3ce1c78e12ed5a18,"Vincent",de,"Büro"
d9901fe933d3d525,"Vincent",de,"Bus"
a905234a4603817c,"Vincent",de,"Busch"
7cc19ab055acec62,"Vincent",de,"Butter"
70b2688a35e233e7,"Vincent",de,"campen"
63119e75c67c5ab9,"Vincent",de,"Chalet"
63e1ee56488a719f,"Vincent",de,"Champagner"
ba3f75ba5b56419a,"Vincent",de,"Champignon"
9911d342f01075d9,"Vincent",de,"Champion"
6a2a2fb843f7cdf2,"Vincent",de,"Chance"
eb295ac6dd8f07c1,"Vincent",de,"Chaos"
7f10e01ed3bac608,"Vincent",de,"Charakter"
88f1a03b82e250b4,"Vincent",de,"Charge"
52fd6e748972ef15,"Vincent",de,"Charisma"
170585e46d90b785,"Vincent",de,"Charme"
e64388d48ed0bf26,"Vincent",de,"Charteranbieter"
36d4f2e191ea635c,"Vincent",de,"Charterangebot"
43c32c8a53f15698,"Vincent",de,"Charterboot"
c7a0966cb5be0ccd,"Vincent",de,"Charterbus"
1fc40a438457a8a0,"Vincent",de,"Charterflotte"
fedb21cda4869bf4,"Vincent",de,"Charterflug"
68e9b5fc73594a1d,"Vincent",de,"Chartergesellschaft"
f720baa5e1741507,"Vincent",de,"Charterjacht"
7c79bebf91b9a4a8,"Vincent",de,"Charterkosten"
b67cca94e33a9f47,"Vincent",de,"Chartermaschine"
dcccb09f15327a24,"Vincent",de,"Charterpreis"
543bddf18fe71f09,"Vincent",de,"Charterreise"
50d505aa08c6e8c1,"Vincent",de,"Chartertarif"
d61efd29e7d2eee5,"Vincent",de,"Charterurlaub"
c65c4d7865da96e0,"Vincent",de,"Chartervertrag"
2452a2d9b93ce907,"Vincent",de,"Chartreuse"
a3c0ec3913948741,"Vincent",de,"Chassis"
5c7b6ca725c12e61,"Vincent",de,"Chauffeur"
630a54ac04385aa0,"Vincent",de,"Chauvinist"
408112fb5905b7f8,"Vincent",de,"Chef"
e2b56793e8a40b1c,"Vincent",de,"Chemie"
a9f120c6b7ecb289,"Vincent",de,"chic"
484b1ea8ef0276c6,"Vincent",de,"Chicorée"
fc647aee85209ed8,"Vincent",de,"Chiffon"
a783c530bc1d41cd,"Vincent",de,"China"
4b9e4dbc9819e78b,"Vincent",de,"Chinchilla"
be0c44795fba1bed,"Vincent",de,"Chinesisch (Sprache)"
92c7f94a2d4c5e2b,"Vincent",de,"Chirurg"
218ca17ae4dc1971,"Vincent",de,"Chirurgie"
3cf6d61bc1cfcc97,"Vincent",de,"Chlor"
9c3cb1ff20281af8,"Vincent",de,"Chlorophyll"
436f7f0d0d02b6e0,"Vincent",de,"Cholera"
460e7e41d018abf8,"Vincent",de,"Choleriker"
67aa6209520d0903,"Vincent",de,"cholerisch"
e181f9e1d427148b,"Vincent",de,"Cholesterin"
7ab2bafe67bbc6cb,"Vincent",de,"Chor"
acbcb2962fac7dd4,"Vincent",de,"Choral"
e69f7ce8edf19593,"Vincent",de,"Choreografie"
28f71e059f69c1ff,"Vincent",de,"Christ"
87cda9c5da82ed9a,"Vincent",de,"Christbaum"
be1e8ce6f8b4c61b,"Vincent",de,"Christkind"
b2b8e54110089eb0,"Vincent",de,"Christus"
1f96087ec4231688,"Vincent",de,"Chrom"
f3f7a1f437426ddc,"Vincent",de,"Chronik"
fe73c484f3550726,"Vincent",de,"Chronist"
34d1ea30ea9b18a0,"Vincent",de,"Chronologie"
cf4136d4efa85a35,"Vincent",de,"Chronometer"
a29fde83d804ea16,"Vincent",de,"Computer"
4d12810b3c99d964,"Vincent",de,"Da die Prüfung bevorsteht, lass uns zusammen unser Bestes geben."
f42a291eb394b3a4,"Vincent",de,"Dach"
dfa08232fd3aa018,"Vincent",de,"daneben"
6a64a987e8e4f6f9,"Vincent",de,"danke"
03d95bcf74338be7,"Vincent",de,"Danke!"
e0fc61df7a425e28,"Vincent",de,"Danke! Aber es gibt noch Teile, die ich nicht verstehe."
7b646ec3386d75d6,"Vincent",de,"Danke."
7f27606175c146ae,"Vincent",de,"Danke. Bitte beeilen Sie sich."
c418097a40b494f9,"Vincent",de,"Danke. Das werde ich."
b888a4f2543a3337,"Vincent",de,"Danke. Hier ist das Wohnzimmer."
07cfe5d8603647e3,"Vincent",de,"Danke. Ich bin gleich da."
d492a34e61d21eb8,"Vincent",de,"Danke. Ich fühle mich schon etwas entspannter."
9c8a00127a5ec2b6,"Vincent",de,"Danke. Ich lerne noch."
5082ab65d82e5977,"Vincent",de,"Danke. Ich werde mein Bestes geben."
bffc451ac9485200,"Vincent",de,"Danke. Ich werde vorsichtig sein."
578f025af17b0bbf,"Vincent",de,"Danke. Wir werden nach ihr suchen."
5ee46531bc4a11a9,"Vincent",de,"Dann bitte drei."
b9fd2838d264ac77,"Vincent",de,"Dann können wir es zur Vorbereitung nutzen."
c8a3af4dbc7df84d,"Vincent",de,"Dann lass uns im nächsten Urlaub hingehen."
ec2d4ef11982e4da,"Vincent",de,"Dann reserviere ich die Tickets."
24a65e745162af6e,"Vincent",de,"Dann wasch es bitte mit Wasser ab."
d3cd17e25812e96c,"Vincent",de,"Darf ich dein Zimmer sehen?"
4b0dab39c8595164,"Vincent",de,"Darf ich dich mal besuchen kommen?"
1c5b96ac45dfcff4,"Vincent",de,"Darf ich es anprobieren?"
4ef53277c8e7367e,"Vincent",de,"Das Café ist hinter dem Bahnhof."
e6de72cf0eebcb99,"Vincent",de,"Das Café ist zwischen der Bank und der Post."
397ec5640ee155d8,"Vincent",de,"Das deutsche Präsens wird meist regelmäßig gebildet: Verbstamm + Endung (-e, -st, -t, -en, -t, -en)."
f5e9fee920f3268a,"Vincent",de,"Das Flugzeug ist schneller."
4dc591e94c4922a2,"Vincent",de,"Das gehört wahrscheinlich meinem Bruder."
d6d0957775190e42,"Vincent",de,"Das Geschäft hat zehn Sonderangebote."
ae9287295ad1db18,"Vincent",de,"Das hilft sehr. Vielen Dank."
b06f3136d07cddd1,"Vincent",de,"Das Hotel ist weiter voraus."
e5367e0550be03b7,"Vincent",de,"Das ist beeindruckend. Und deine Mutter?"
1c1d9cfbf5d856d7,"Vincent",de,"Das ist die beste Idee."
e5f0aadf5df6bd92,"Vincent",de,"Das ist die schönste Aussicht."
475b137a38942b95,"Vincent",de,"Das ist ein Foto meiner Familie."
1cbae7c09bcc32ef,"Vincent",de,"Das ist ein freundlicher Mensch."
11635f7c7be6c730,"Vincent",de,"Das ist ein großer Mann."
6634fb9a8d15dca0,"Vincent",de,"Das ist ein kleines Kind."
5a36e042507cf7e0,"Vincent",de,"Das ist eine energisch wirkende Person."
2a46de63b69c6961,"Vincent",de,"Das ist eine praktische Lage."
7cff516e833b7572,"Vincent",de,"Das ist eine schlanke Frau."
0bcc509d6a2dbe78,"Vincent",de,"Das ist etwas teuer."
c98239393345c778,"Vincent",de,"Das ist ihr Tisch."
bf7d3bb3ad28bb3d,"Vincent",de,"Das ist lang. Nutzt du nicht den Shinkansen?"
1096a684959b6863,"Vincent",de,"Das ist mein drittes Mal."
49a3007ae390937d,"Vincent",de,"Das ist mein Vater."
9d647e4402a23ec1,"Vincent",de,"Das ist mein Zimmer."
2f62b270d3b6b1f9,"Vincent",de,"Das ist meine Mutter."
c63b1d729aac6476,"Vincent",de,"Das ist meiner."
40c8a5bb0c40415f,"Vincent",de,"Das ist nicht gut für Ihre Gesundheit. Passen Sie auf sich auf."
1737d8e9eef63d9d,"Vincent",de,"Das ist nicht gut. Ruh dich ein bisschen aus."
8ae80f9fbaccc57d,"Vincent",de,"Das ist nicht schwierig."
b6008a0d510fcfe4,"Vincent",de,"Das ist okay. Setz dich erstmal hierhin."
5d2b47e3c628f985,"Vincent",de,"Das ist schwierig. Haben Sie mit dem Bereichsleiter gesprochen?"
a7d63848051ccc5e,"Vincent",de,"Das ist sein Bett."
724ea84a9f7b14c2,"Vincent",de,"Das ist unser Haus."
b3f236c157b37f66,"Vincent",de,"Das ist weit. Fahren Sie oft zurück?"
df1500c8b249bebe,"Vincent",de,"Das Kind ist klein."
c98f9f996ee72a48,"Vincent",de,"Das Kleid dort ist schön."
94d889becab8dd02,"Vincent",de,"Das klingt anstrengend. Sind Ihre Kollegen nett?"
1b851f44b1b519fb,"Vincent",de,"Das klingt cool! Haben Sie viel Erfahrung?"
a4ddf175f8969477,"Vincent",de,"Das klingt gut. Danke."
f37c4575fd408cd3,"Vincent",de,"Das könnte etwas ernst sein."
301ed4e6edf037f9,"Vincent",de,"Das kostet zehn Euro."
7ade43e05ae87972,"Vincent",de,"das Leben ist ein Traum"
b919ce43af366292,"Vincent",de,"Das macht mich glücklich. Danke."
e032e78bec844307,"Vincent",de,"Das Meer hat die schönere Aussicht."
c68f6115320f4a6f,"Vincent",de,"Das Meer ist tiefer als der Fluss."
be4bc220a9cb1be4,"Vincent",de,"Das möchte ich gerne glauben."
5e7f1cdd31ea6e52,"Vincent",de,"Das nehme ich auch."
ac665381892ba2dd,"Vincent",de,"Das Projekt ist wichtig."
89c84125e6aa6a2e,"Vincent",de,"Das Pronomen kann im Deutschen nie weggelassen werden — jeder Satz braucht ein Subjekt — und das Verb ändert seine Endung je nach Pronomen (ich habe, du hast, er/sie/es hat)."
15dcc48678760306,"Vincent",de,"Das war ein schönes Einkaufen."
92969bf134bf3089,"Vincent",de,"Das Wetter ist heute schön, nicht wahr?"
b2d8d2cde7fc8401,"Vincent",de,"Das Wetter zweier Städte vergleichen"
158bd66fe7f69013,"Vincent",de,"dehnen"
1d7fedd0360339d9,"Vincent",de,"Deine Beine sind länger, Ken."
70a70f1258fd224a,"Vincent",de,"Dem Taxifahrer den Weg erklären"
35bdee3ddb1dfa7b,"Vincent",de,"Demonstrativpronomen: dieser / das ... da"
8a3c423cf1977cb4,"Vincent",de,"den Preis senken (feilschen)"
8a8228711b7545e9,"Vincent",de,"denken"
5ab25d96c68954c1,"Vincent",de,"Denken Sie, ich schaffe den letzten Zug?"
93250c52957dc396,"Vincent",de,"Der Akkusativ markiert das direkte Objekt (wen/was betrifft die Handlung): Ich sehe den Chef."
c47ffe1506e87307,"Vincent",de,"Der alte Mann"
7ab5ecea91c92dbc,"Vincent",de,"Der alte Mann kam nach Hause gerollt"
96148adfa5930a79,"Vincent",de,"Der alte Mann, er spielte eins"
b178a2935d2f91eb,"Vincent",de,"Der Berg ist höher als das Meer."
727bc9a2461fe93b,"Vincent",de,"Der Berg ist ruhiger als das Meer."
450a89c871cf474f,"Vincent",de,"Der Biwa-See ist der größte See Japans."
a5a8592d924afed7,"Vincent",de,"Der Chef ist streng."
e2167877267b7b04,"Vincent",de,"Der Chef schreibt einen Bericht."
f463c4ab4bfb66dd,"Vincent",de,"Der deutsche Imperativ hat drei Formen, je nachdem, wen man anspricht."
03090be223875ceb,"Vincent",de,"Der Fahrpreis beträgt fünfzehnhundert Yen."
6f5aa15a23350887,"Vincent",de,"Der Fluss ist länger als der See."
73acbeb8d89e4f89,"Vincent",de,"Der Frühling ist die schönste Jahreszeit."
a0f1d2e92f594a59,"Vincent",de,"Der Fuji ist der höchste Berg in Japan."
0160f471b2afd06e,"Vincent",de,"Der Fuji ist der höchste."
78f95ddb9229c28d,"Vincent",de,"Der Herbst ist nicht so heiß wie der Sommer."
76e7e74128d77c2f,"Vincent",de,"Der Hund ist süß."
1cb8cbff30cad31e,"Vincent",de,"Der kälteste Tag war im Januar."
5ba4a4b3698dc1f6,"Vincent",de,"Der Kollege ist nett."
8db574f94b547ca3,"Vincent",de,"Der Komparativ vergleicht zwei Dinge: Adjektiv + -er + als (Der Berg ist ruhiger als das Meer)."
35bb93200bdff155,"Vincent",de,"Der könnte zu leger sein."
12871a041a93dbea,"Vincent",de,"Der Laden ist neben der Kreuzung."
44619b365eaa4dc8,"Vincent",de,"Der Lehrer hört mit dem Unterricht auf."
56a4377fc3c1098b,"Vincent",de,"Der Markt hat zwölf Verkäufer."
2935ea4999208593,"Vincent",de,"Der Nominativ markiert das Subjekt eines Satzes (wer/was handelt): der Chef, die Kollegin, das Projekt."
5ffc4d337bcf6675,"Vincent",de,"Der Orientierungspunkt ist vor dem Gebäude."
e85dfa49c8a14b80,"Vincent",de,"Der Parkplatz ist hinter dem Gebäude."
1f487834bf298be6,"Vincent",de,"Der Preis ist hundert Euro."
88baca5c5c625108,"Vincent",de,"Der Regen kam und spülte die Spinne herunter"
7ce520a7694a0743,"Vincent",de,"Der Regenschirm da gehört mir."
55e66faaa709a039,"Vincent",de,"Der Rock da ist locker."
ee5dbe829135e9cc,"Vincent",de,"Der Schüler steht auf und antwortet."
fd5239b229ed636e,"Vincent",de,"Der See dort ist der größte in dieser Gegend."
64317d90cfc5e80d,"Vincent",de,"Der Sommer ist die heißeste Jahreszeit."
e76a20d48e37dd10,"Vincent",de,"Der Sommer ist heißer als der Winter."
1a989018279681dc,"Vincent",de,"Der Strand ist weitläufiger als die Insel."
8bc5acf641b9818f,"Vincent",de,"Der Superlativ hebt eines unter mehreren hervor: am + Adjektiv + -sten (Der Fuji ist am höchsten) oder der/die/das + Adjektiv + -ste + Nomen (der höchste Berg)."
49180556051478d6,"Vincent",de,"Der Unterricht fängt um acht Uhr an."
41e1fd9fc4efbd70,"Vincent",de,"Der Wald ist größer als der Park."
93df322eb74d1986,"Vincent",de,"Der Weg hierher war einfacher als durch das Tal."
7c2a8f3e024a3a53,"Vincent",de,"Der Weg ist neben der Straße."
e6d91eb7d6933f89,"Vincent",de,"Der Winter ist die kälteste Jahreszeit."
b61861f8967d24a3,"Vincent",de,"Der Wortakzent liegt immer auf dem Präfix."
d78f199df6b3788e,"Vincent",de,"Der Zug fährt in die Stadt."
bb8a58cc9905eeaa,"Vincent",de,"Der Zug ist am Bahnhof."
6978e1dfda777d9b,"Vincent",de,"Der Zug ist schneller als der Bus."
5755c2ad1a81f1ec,"Vincent",de,"Der Zug kommt um acht Uhr an."
103c338ef65c881f,"Vincent",de,"deutsch"
3817d52c4544ead6,"Vincent",de,"Deutsch (Sprache)"
308390aa62218eff,"Vincent",de,"Deutsche Ja/Nein-Fragen werden durch Umstellung gebildet — das Verb steht an erster Stelle: Sind Sie Japaner/in?"
956e8cf06f264e69,"Vincent",de,"Deutsche Pluralformen folgen keiner einzigen Regel wie das englische -s."
f595bc7c0ef7f876,"Vincent",de,"Deutschland"
b93a6af0773a8b39,"Vincent",de,"Dialog"
4d0bc2f3276a8ece,"Vincent",de,"Dialog A: Auf dem Markt"
1f558815d09c518b,"Vincent",de,"Dialog A: Beim Arzt"
88d36ee31dd6f306,"Vincent",de,"Dialog A: Beschreibung für die Polizei"
394b9734af105252,"Vincent",de,"Dialog A: Die Familie vorstellen"
aec32b5bc6ac40fd,"Vincent",de,"Dialog A: Ein verirrter Tourist"
e9e2c461f1749798,"Vincent",de,"Dialog A: Einen Freund trösten"
19b562930c3f4b36,"Vincent",de,"Dialog A: Einen Zeitplan erstellen"
5e54e788d67a5a74,"Vincent",de,"Dialog A: Hausführung"
2b5ac12013d08d65,"Vincent",de,"Dialog A: Im Restaurant"
fd258aba0ec25430,"Vincent",de,"Dialog A: Kleidung kaufen"
95ee5b91263e87ea,"Vincent",de,"Dialog A: Nach dem Hotel fragen"
2e12348b00b1ee77,"Vincent",de,"Dialog A: Zoobesuch"
40ca5fdc167fed61,"Vincent",de,"Dialog B: Ein Outfit wählen"
d965e0d811a32536,"Vincent",de,"Dialog B: Ein Treffen vereinbaren"
56ce10d5a4a78d5b,"Vincent",de,"Dialog B: Eine Reise planen"
ca774394bc9f9bbe,"Vincent",de,"Dialog B: Erklären, dass es einem nicht gut geht"
a3c159c3905a1dd3,"Vincent",de,"Dialog B: Erste Hilfe"
098c51f1b3a18f85,"Vincent",de,"Dialog B: Frühere Haustiere"
b23890bcfd40b4d3,"Vincent",de,"Dialog B: Jemanden am Flughafen finden"
43d39e00bbfa7b75,"Vincent",de,"Dialog B: Sich selbst und einen Freund beschreiben"
efa3112e46a76a8b,"Vincent",de,"Dialog B: Tägliche Essgewohnheiten"
2ad7c4e828d02357,"Vincent",de,"Dialog B: Über den Preis verhandeln"
a553b83e77b5c60f,"Vincent",de,"Dialog B: Wem gehört das?"
775134f34ccabf04,"Vincent",de,"Dialog B: Wer zu Hause wohnt"
107fef53d1524555,"Vincent",de,"Dialog B: Wo das Büro ist"
8d9d2ad66c654331,"Vincent",de,"Die Affen sind energisch."
3e1a549bf05d4a7b,"Vincent",de,"Die Ampel ist an der Ecke."
92c33c9cb1c4f5ec,"Vincent",de,"Die Ampel steht an der Kreuzung."
178965853641a063,"Vincent",de,"Die Aussicht vom Berggipfel"
f8d3985ebcf998dd,"Vincent",de,"Die Bären sind gruselig."
da6d7e5973f02446,"Vincent",de,"Die deutschen Personalpronomen sind: ich, du, er/sie/es, wir, ihr, sie (Plural) und Sie (höflich)."
b71534a25e9eda90,"Vincent",de,"Die Elefanten sind groß."
e907a80070f15985,"Vincent",de,"Die Endung -e kommt bei femininen und pluralen Nomen dazu, sonst bleibt die Grundform."
5a28ed95ed79f543,"Vincent",de,"Die Firma ist groß."
33d37bd995a4f6df,"Vincent",de,"Die Grundzahlen 1-12 sind: eins, zwei, drei, vier, fünf, sechs, sieben, acht, neun, zehn, elf, zwölf."
dafc2e3282445416,"Vincent",de,"Die Herkunft wird mit aus + Land ausgedrückt: Ich komme aus Frankreich — die meisten Ländernamen brauchen dabei keinen Artikel."
e484d8f91fc868ca,"Vincent",de,"Die Insel ist kleiner als das Tal."
2aa16f836cf965ef,"Vincent",de,"Die ist meine."
ae1ddb8877355912,"Vincent",de,"Die Karte ist auf dem Tisch."
9808523ce5500ce7,"Vincent",de,"Die kleine Spinne"
4baf3da1f7b5c325,"Vincent",de,"Die kleine Spinne klettert die Regenrinne hoch"
abe7b634f3c7db71,"Vincent",de,"Die Kollegin hilft mir."
6a99bc84dc5036ab,"Vincent",de,"Die London Bridge fällt herunter"
de97e9cdecfe74c8,"Vincent",de,"Die Person am Ausgang ist jung."
49468195bf24d15c,"Vincent",de,"Die Pluralform wird am besten zusammen mit jedem Nomen gelernt."
e70c080c5c5ef9d5,"Vincent",de,"Die Prüfung fängt um neun Uhr an."
9315e8c6b5a33293,"Vincent",de,"Die Schafe sind sanft."
b53eaddd6e0a9174,"Vincent",de,"Die Schuhe da sind auffällig."
d4734591c38ac461,"Vincent",de,"Die Schuhe da sind neu."
4a2a47bf5f95495d,"Vincent",de,"Die Sekretärin ruft den Chef an."
40acdc31e89bebd5,"Vincent",de,"Die Sonne kam heraus und trocknete den Regen"
c6ab9c3ba8c14a62,"Vincent",de,"Diese Aufgabe. Könnten Sie sie noch einmal erklären?"
1cd3a0d8ea394ae9,"Vincent",de,"Diese Aussicht werde ich nicht vergessen."
5c1b8992bb688210,"Vincent",de,"Diese Handschuhe sind schlicht."
149e51c43eea1533,"Vincent",de,"Diese hier. Wäre es okay, den Lehrer zu fragen?"
11162deca6ea0081,"Vincent",de,"Diese Hose ist eng."
0960c0f96553db44,"Vincent",de,"Diese Hose ist zu eng."
4981463995470094,"Vincent",de,"Diese Krawatte steht dir gut."
d09643e7ecd1a6e5,"Vincent",de,"Diese Lektion vertieft den Komparativ und Superlativ aus Lektion 15, diesmal mit Wetterthemen, und ergänzt die Adjektivendung: steht der Komparativ oder Superlativ direkt vor einem Nomen, bekommt er dieselbe Endung wie ein normales Adjektiv — der kälteste Tag (nicht ""der kältest Tag"")."
a45130b029fa9d2a,"Vincent",de,"Diese Tomaten sind sehr frisch."
3460eba15b557402,"Vincent",de,"Dieser Hut passt gut."
6556c8feee0548eb,"Vincent",de,"Dieser Mantel ist warm."
1e6d281af6a049ff,"Vincent",de,"Dieser See ist nicht so groß wie jener See."
0675bc9b92d78527,"Vincent",de,"Dieser Taifun ist stärker als der letzte."
619d4bd7fd5a2bed,"Vincent",de,"Dieser Weg ist am einfachsten."
f5bf0572b564327f,"Vincent",de,"Dieser Weg ist der sicherste."
45af00a0f60c51c9,"Vincent",de,"Dieser Weg ist kürzer als jener Weg."
56965c4e5b5d8433,"Vincent",de,"dieser/diese/dieses (""this"") stimmt im Geschlecht mit dem Nomen überein, genau wie der/die/das: dieser Mantel (m), diese Hose (f), dieses Hemd (n)."
7e4550da9df5110e,"Vincent",de,"Dieses Hemd ist modisch."
f14c2eb80ad10d30,"Vincent",de,"Dieses Hemd ist schön."
10e0f89fba35380a,"Vincent",de,"Dieses Hemd ist süß."
5a92e29633cb56a8,"Vincent",de,"Dieses Kleid ist zu klein."
8ec309f342e3922a,"Vincent",de,"Dieses Reiseziel ist am beliebtesten."
be12f02b014ff43b,"Vincent",de,"Ding, dang, dong."
36b13fffbac36508,"Vincent",de,"direkt"
345f7bb6e8831d97,"Vincent",de,"doch"
3debc7907d859b45,"Vincent",de,"Donner"
52eea676583a25d7,"Vincent",de,"Donnerstag"
830bba51e4904e2b,"Vincent",de,"Dorf"
e5c38e1f8d18af7a,"Vincent",de,"Dose"
7a5ebecd7e835aaf,"Vincent",de,"drei"
b411e7fec210419e,"Vincent",de,"Drei Jahre alt. Sie ist sehr lebhaft."
6ffafcddd4b652a4,"Vincent",de,"du"
b77a8fe7aaea726d,"Vincent",de,"Du bestellst die Suppe."
c242a792f999a8cc,"Vincent",de,"Du blutest."
1507d8ffe81c4a96,"Vincent",de,"Du darfst die Kaninchen berühren."
5107569a4a45d81a,"Vincent",de,"Du hast große Hände."
02c7289577be53de,"Vincent",de,"Du hast recht. Ich werde mich etwas entspannen."
8ab5a0753a341206,"Vincent",de,"Du hast schöne Augen."
f9cabf29005e55b9,"Vincent",de,"Du wirkst niedergeschlagen. Geht es dir gut?"
b2619091cbe296ca,"Vincent",de,"Du wirst bestimmt toll aussehen!"
adc5d9abb632fd7b,"Vincent",de,"du-Form: Pronomen weglassen, oft auch die Endung -st (du ruhst → Ruh dich aus!)."
1bd5afb1c658839b,"Vincent",de,"dunkel"
049bfa290fa3a31b,"Vincent",de,"dünn, schlank"
d43a4ae7d7050462,"Vincent",de,"durstig werden"
5d353841f51f1334,"Vincent",de,"E-Mail"
39618e05e36e1ab4,"Vincent",de,"Ecke"
a99571a1a5962cfa,"Vincent",de,"Ehefrau"
fe17610934fa2857,"Vincent",de,"Ehemann"
54163c315a5a3834,"Vincent",de,"Ei"
f1f33bf7bc3f0d31,"Vincent",de,"Ein bisschen."
52abe51c87acb2cd,"Vincent",de,"Ein Euro pro Stück."
8edb8aba7ab8f940,"Vincent",de,"Ein großer Mann."
b4ef145761a29ff0,"Vincent",de,"Ein Hotel in Meeresnähe wäre schön."
b12ac2d8c5685d02,"Vincent",de,"ein Hund, zwei Hunde"
ffbef4eab8f0f367,"Vincent",de,"Ein kleiner, zwei kleine, drei kleine Finger"
3266f30ab8b12a07,"Vincent",de,"Ein kleines Kind."
0e48737e27386dae,"Vincent",de,"ein Panda, zwei Pandas"
f3b4e35c5ce8a0d3,"Vincent",de,"ein Pferd, zwei Pferde"
3d081f9c49482c88,"Vincent",de,"ein Schaf, zwei Schafe"
27160cdd6b5513e4,"Vincent",de,"Ein Urlaubsziel auswählen"
2826da4cc7696257,"Vincent",de,"ein Vogel, zwei Vögel"
3f5236d2c5435566,"Vincent",de,"einchecken"
6a3236f1bc33ef1d,"Vincent",de,"eine Frage stellen"
b077689b6940e9c6,"Vincent",de,"eine Katze, zwei Katzen"
38f7ad366373de40,"Vincent",de,"Eine schlanke Frau."
6e20de1b1d941b2e,"Vincent",de,"eine Sorge"
ff8e8fcd08a5aaec,"Vincent",de,"Einen Koffer und einen Reiseführer."
02569f0d7fc9f184,"Vincent",de,"Einführung"
92e8b9147856ffdb,"Vincent",de,"Einige Verben ändern dabei den Stammvokal, z."
c564d2a5e00acf8b,"Vincent",de,"Einkaufen"
72765f89152c025b,"Vincent",de,"Einkaufskorb"
8872461f03065898,"Vincent",de,"einpacken"
739084a0669802e0,"Vincent",de,"einsam"
691a621ca779bf9b,"Vincent",de,"Einschulungsfeier"
2a35446727e01854,"Vincent",de,"einsteigen, fahren mit"
6dbc151f1616a891,"Vincent",de,"Einzug"
db4dde7875b0f9ec,"Vincent",de,"Elefant"
14b6a6093bf5c440,"Vincent",de,"Eltern"
0ccc43f3fe5d4efa,"Vincent",de,"enden"
0e25e3329ec7af88,"Vincent",de,"energisch wirkend"
e43710d07af9ed22,"Vincent",de,"energisch, gesund"
cd27e54221803263,"Vincent",de,"eng"
55640f1731890f63,"Vincent",de,"Englisch (Sprache)"
e7b007b9fba14cd2,"Vincent",de,"entscheiden"
1d78d548b1237270,"Vincent",de,"Entschuldigen Sie die Störung. Was für ein geräumiges Haus."
6ec3b21bc73a389a,"Vincent",de,"Entschuldigung, ich habe mich verirrt."
e164a766545b557c,"Vincent",de,"Entschuldigung, ist das scharf?"
0328ceaa66473208,"Vincent",de,"Entschuldigung, können Sie mir den Weg zum Sakura-Hotel zeigen?"
dee251a2648e57c4,"Vincent",de,"entspannen"
7c4f2703108c3ce2,"Vincent",de,"entspannt, bequem"
35058dc701ed8add,"Vincent",de,"Er fährt mit dem Fahrrad zur Schule."
eda67448bdd378be,"Vincent",de,"Er füttert die Hühner."
8df9eefffae6b469,"Vincent",de,"Er hat große Hände."
0928b6c47f0df317,"Vincent",de,"Er hat keinen Stress."
c0f97efa492ed4ac,"Vincent",de,"Er hat lange Beine."
72e9c18156fa9381,"Vincent",de,"Er hat viele Geschwister."
f49991b6a4832159,"Vincent",de,"Er hat wenige Kunden heute."
097f2305f963989f,"Vincent",de,"Er hilft mir nicht bei der Arbeit."
294638c8a796c228,"Vincent",de,"Er isst gern Fisch."
ac37d85672aaf78b,"Vincent",de,"Er ist Arzt. Er arbeitet in einem Krankenhaus."
134b19318b040434,"Vincent",de,"Er ist fünfzehn. Er ist Schüler."
49c40d11f4df833b,"Vincent",de,"Er ist groß."
4791026dd4d1907d,"Vincent",de,"Er ist kleiner als das Meer, aber wunderschön."
14651430d7db706e,"Vincent",de,"Er ist nicht müde."
188fa57ab99cd8d2,"Vincent",de,"Er klopfte knick-knack auf meinen Daumen"
5f1fdc84eca22643,"Vincent",de,"Er kommt aus China."
b6d64617476cb1bc,"Vincent",de,"Er läuft am schnellsten."
0be8bd4efa4ad620,"Vincent",de,"Er sieht stark aus."
48e3459f69ccac33,"Vincent",de,"Er steigt an der nächsten Haltestelle aus."
4553aeb97fd6eed2,"Vincent",de,"Er trägt eine auffällige Brille."
3600967fb5c1c4d6,"Vincent",de,"Er trinkt gern Tee."
95921bc2bf3617dc,"Vincent",de,"Er war klein und ein sehr energischer Hund."
22beb8ae6d3d40e0,"Vincent",de,"Erfahrung"
933913a451969964,"Vincent",de,"Erfolg"
9af12c9387cab8dd,"Vincent",de,"Erinnern Sie sich an die Farbe ihrer Kleidung?"
443604742e273d4c,"Vincent",de,"erklären, beschreiben"
a6c0fb5cb1cefe3d,"Vincent",de,"Erklärung"
925b027aa73b633a,"Vincent",de,"erster Zug"
f0a1a8b3bb069b00,"Vincent",de,"erzählen"
3463af0738ad6683,"Vincent",de,"Es gibt auch einen Garten. Möchtest du ihn sehen?"
fa5a04766893ebc4,"Vincent",de,"Es gibt kein Wechselgeld (passend gezahlt)."
64eb692a80ff648d,"Vincent",de,"Es gibt überhaupt keine Wolken."
3c43c9942e17186f,"Vincent",de,"Es gibt viele Sonderangebote."
f11d255f83b80bef,"Vincent",de,"Es gibt wenige frische Äpfel."
6a52abc4206edfa2,"Vincent",de,"Es heißt, der Wind wird auch stark."
bee3c2bb93a6a27a,"Vincent",de,"Es ist ein bisschen voll."
bdf197c1420b008f,"Vincent",de,"Es ist eine Arbeitsparty, also wäre etwas Formelleres gut."
816cea8a361f0f5c,"Vincent",de,"Es ist einigermaßen sicher, aber Regentage sind hart."
bdd83e6e9e339a02,"Vincent",de,"Es ist im Gebäude vor dem Bahnhof."
36f35bf4e9387a24,"Vincent",de,"Es ist interessant, wie sich die Jahreszeiten unterscheiden."
08ae5118d27a8bc3,"Vincent",de,"Es ist kalt, also nimm auch einen Mantel mit."
8e07e136bb707171,"Vincent",de,"Es ist mir peinlich, und ich könnte weinen."
3650b233ffbee007,"Vincent",de,"Es ist okay, wenn wir leise sprechen."
28f5bbd834be3a9e,"Vincent",de,"Es ist sehr hell."
fb55273a61d67196,"Vincent",de,"Es sind sehr sanfte Tiere."
d17cb5ff704eb975,"Vincent",de,"Es steht dir!"
15d0059a23cfaac9,"Vincent",de,"Es tut ein bisschen weh."
1e4fc19a3647687b,"Vincent",de,"Es tut mir im Rücken weh."
af6fc86f7595f2d9,"Vincent",de,"Es war sehr lecker. Danke für das Essen."
16c1cd155343719b,"Vincent",de,"Es wird schon gut gehen. Warum versuchen Sie nicht, ihn zu kontaktieren?"
4ac0be636bd39592,"Vincent",de,"essen"
2eb9208e1d389fbb,"Vincent",de,"Essen"
ee368ab2630324ab,"Vincent",de,"essen → er/sie isst (e → i)."
c02125a672e02ae4,"Vincent",de,"Etwa zehn Minuten."
3f239cfe6f7f738e,"Vincent",de,"Euro"
b83ad345fba5d67a,"Vincent",de,"Europa"
6327b05a97227dbe,"Vincent",de,"Fähre"
b28506107605febc,"Vincent",de,"fahren"
4e94121aecd0c23b,"Vincent",de,"fahren, steuern"
d13416ecf56d949a,"Vincent",de,"Fahrer/in"
a9ed9e3099bb9622,"Vincent",de,"Fahrkarte"
5d0303f73c9310d1,"Vincent",de,"Fahrpreis"
07acdb6b10432619,"Vincent",de,"Fahrrad"
837687090aa15b21,"Vincent",de,"Fälle"
1c83fac237ecd528,"Vincent",de,"Falls es noch wehtut, geh bitte ins Krankenhaus."
d534115b25ea8440,"Vincent",de,"Falls sich etwas ändert, sag mir Bescheid."
144f503eb1476550,"Vincent",de,"Falls Sie noch Fieber haben, kommen Sie bitte vorbei."
c3f430368ea7db04,"Vincent",de,"fällt herunter, fällt herunter"
8aaeded3d2666652,"Vincent",de,"Familie"
52d991885333cfbd,"Vincent",de,"Fantastisch! Herzlichen Glückwunsch."
638f1739b3e1dec4,"Vincent",de,"Farbe"
aaa85abe6f2418e8,"Vincent",de,"fehlen"
f0dc19acebaf2df2,"Vincent",de,"Feld"
27bf2e20f672d9c3,"Vincent",de,"Fenster"
dd7a47044075b2e0,"Vincent",de,"Feuer"
151833c012f6ef2b,"Vincent",de,"Fieber"
cde23ad65f134355,"Vincent",de,"finden"
858cfa4d6976060b,"Vincent",de,"Finger"
f3425d6e5ec327f5,"Vincent",de,"Firma"
baec3367b7d83579,"Vincent",de,"Firma, Büro"
53aa7e8fd1c8ed41,"Vincent",de,"Firmenchef/in"
c3a334068e0cb3a0,"Vincent",de,"Fisch"
b46edafb83cbe5c6,"Vincent",de,"flach"
30b67bcd5e495213,"Vincent",de,"Fleisch"
699f74931b7dfbab,"Vincent",de,"Fliegen wir oder fahren wir mit dem Zug?"
b1e8959a7ba7779f,"Vincent",de,"Flug"
893a3eb894f813c0,"Vincent",de,"Flughafen"
928296cf1229a013,"Vincent",de,"Flugzeug"
e71ab7b52febbeb1,"Vincent",de,"Fluss"
587589ad1fe45524,"Vincent",de,"Flüsse"
4e5c6f49c504ce70,"Vincent",de,"Foto"
c424e2ad405d6321,"Vincent",de,"Frage"
bde9ffa2a511559d,"Vincent",de,"Frankreich"
d30abe88540eebce,"Vincent",de,"Frau"
d3e36759478d7638,"Vincent",de,"frei (Zeit verfügbar)"
4a00bf1b28e417b3,"Vincent",de,"freier Tag"
839236f8e6db2e59,"Vincent",de,"Freund"
22d6b808692318e9,"Vincent",de,"freundlich"
5609b59fb5310f50,"Vincent",de,"freundlich wirkend"
4f72ac2f8887206d,"Vincent",de,"Freut mich, woher kommen Sie?"
97e83e877701d662,"Vincent",de,"Freut mich. Ich bin Ai."
cd4b6302d5c30659,"Vincent",de,"Freut mich. Ich bin Tom."
7910607f44696cd5,"Vincent",de,"frisch"
432b76962a3b0865,"Vincent",de,"froh"
86587453499186d0,"Vincent",de,"Fröhlich, fröhlich, fröhlich, fröhlich"
30ac66c23ce85c88,"Vincent",de,"früh"
ae4788e2ba4c510f,"Vincent",de,"Frühling"
609b3cea2bb648ff,"Vincent",de,"Frühstück"
36b2d08bccdc8878,"Vincent",de,"fühlen"
86e5af8e363dd704,"Vincent",de,"Fünfter Stock. Neben dem Fahrstuhl."
c4a92ba0e3dc5e14,"Vincent",de,"Funkle, funkle kleiner Stern"
3cb72ac11a1823ee,"Vincent",de,"Funkle, funkle, kleiner Stern"
e9cf5b92491c9f7a,"Vincent",de,"Für ""that"" fügt man im Deutschen meist einfach da oder dort nach dem Nomen hinzu, statt ein eigenes Wort zu benutzen: die Schuhe da (those shoes)."
4585711504eefc2f,"Vincent",de,"Für Dienstag ist nichts Besonderes geplant."
1f5bedde03549d58,"Vincent",de,"Für Städte und Länder ohne Artikel benutzt man nach: nach Berlin, nach Deutschland."
aa22a138d9c2ed6b,"Vincent",de,"Fuß"
5326f9d59b0fdf79,"Vincent",de,"füttern"
d68f38bf54546f7e,"Vincent",de,"Garten"
ca7e5ecf131729f3,"Vincent",de,"geboren werden"
605fd51388e8b034,"Vincent",de,"gefährlich"
d15992fa582cba57,"Vincent",de,"Gefühl"
eae2011333c3ec93,"Vincent",de,"Gefühle"
a62b8dfd5248e93d,"Vincent",de,"gefunden werden"
8209d7310878da1e,"Vincent",de,"Geh an die Ecke!"
82b9cf44b9cc9997,"Vincent",de,"Geh hinter das Gebäude!"
13ca69139f8129dc,"Vincent",de,"Geh ins Krankenhaus!"
a907a6b1f90875b7,"Vincent",de,"Gehalt"
df2cca9ea2b8c244,"Vincent",de,"gehen"
1946cc74610b58c0,"Vincent",de,"Gehen Sie an die Ecke."
fd998e0e7140a4f3,"Vincent",de,"Gehen Sie diese Straße geradeaus."
ce0ccdea6ba0d552,"Vincent",de,"Gehen Sie diese Straße nach Norden."
cfbfa31e2fbcaab5,"Vincent",de,"Gehört dieser Regenschirm auch ihm?"
215c92ac1bf80065,"Vincent",de,"Geht es dir gut? Du siehst traurig aus."
d909fc0ffc26af2b,"Vincent",de,"Geht es dir gut? Zeig mal."
b0aaf46be3aebf38,"Vincent",de,"Geht es Ihnen gut? Wohin möchten Sie?"
a08a46d55a5fd776,"Vincent",de,"Geht ins Krankenhaus!"
2f07fac8393b5d2d,"Vincent",de,"Geht zwanzig Euro nicht?"
6b251f8cd70cab09,"Vincent",de,"Geld"
38ec47a6d8f6acda,"Vincent",de,"Gemüse"
8416954e9eb610b7,"Vincent",de,"Gemüseladen"
fe94c8201fb96b2d,"Vincent",de,"Genau. Im Februar liegt noch Schnee."
356da0ec60283659,"Vincent",de,"Genau. Sollen wir als Nächstes die Löwen sehen?"
833178cc212f0d1c,"Vincent",de,"genesen, heilen"
3bc2104c2126ca26,"Vincent",de,"Georgien"
b015090af125cda1,"Vincent",de,"Gepäck"
dcc2a65eea650f8b,"Vincent",de,"gepflegt"
cd1e73748a73946b,"Vincent",de,"gerade"
6106dc6ca9bb31d1,"Vincent",de,"geräumig"
78c7ef7c89b078b2,"Vincent",de,"Gern geschehen. Gute Reise!"
40806cd5553a3cdc,"Vincent",de,"Gern geschehen. Passen Sie auf sich auf!"
f53944350c8d3b60,"Vincent",de,"Gerne."
11fd7cd1dd9f01c2,"Vincent",de,"Geschäft, Laden"
ded3296198b6f0b5,"Vincent",de,"Geschichte"
efba51fe6f6ea80c,"Vincent",de,"Geschwister"
44359363e2172f7c,"Vincent",de,"Gesicht"
c16a531f64025ec8,"Vincent",de,"Gespräch"
ebd7f54c1807115e,"Vincent",de,"gestern (kein Partikel)"
9d11fd51e2bfb013,"Vincent",de,"gesund"
3bbab9e3848bec25,"Vincent",de,"gesund, wohlauf"
6cfb47e1618d1dcd,"Vincent",de,"Gesundheit & Anweisungen"
fb182697ad41e162,"Vincent",de,"Getränk"
a9845dbe8e3b40de,"Vincent",de,"Gewässer"
ef04d499092b469b,"Vincent",de,"gib dem Hund einen Knochen"
0f822ebf504f7493,"Vincent",de,"Gibt es auch Pandas?"
c8bbfcd03ceb67d6,"Vincent",de,"Gibt es Aufstiegsmöglichkeiten?"
f9f923c42c028aa2,"Vincent",de,"Gibt es einen Parkplatz?"
40299280740ddcd2,"Vincent",de,"Gibt es gerade einen Stau?"
9ea5dbbf49f7900e,"Vincent",de,"Gibt es Restaurants in der Nähe?"
0832a21d0b9c18d8,"Vincent",de,"Giraffe"
dba20488111b19f0,"Vincent",de,"Glück"
72c00e66c30d9a19,"Vincent",de,"glücklich, froh"
29b76e21cd15e741,"Vincent",de,"Golf"
4663e2e3d02dc2c2,"Vincent",de,"Grad"
6f648ed10b97bdcd,"Vincent",de,"gratis, aufs Haus"
c00f2068803d3cbf,"Vincent",de,"Grenze"
9e5fc803c717654a,"Vincent",de,"groß"
89a54c3b74b007e1,"Vincent",de,"groß (Familie, Haus)"
5f342cbb761e36bd,"Vincent",de,"groß, hoch"
c5c991d877273f3c,"Vincent",de,"Großbritannien, England"
260ca1cf7a149227,"Vincent",de,"Größe"
9bc1497c0923de0a,"Vincent",de,"größer"
a353c84c0cf5022a,"Vincent",de,"Großmutter"
df2dbca5667a83ef,"Vincent",de,"Großvater"
3c2a07caa2d3b8a6,"Vincent",de,"großziehen"
0f7e7d7fe4c91414,"Vincent",de,"grün"
6aef67a491145ce4,"Vincent",de,"Grund"
681557e95ceb77c6,"Vincent",de,"gruselig"
cdb3e7835cb31886,"Vincent",de,"günstig"
668f3483301ed8bc,"Vincent",de,"gut"
0d878a4929c92a8f,"Vincent",de,"gut stehen"
1c7669815fb0f74a,"Vincent",de,"Gut, und dann?"
cbca51ddb111e59e,"Vincent",de,"Gut, verstanden. Danke."
4cddc8cf61f66658,"Vincent",de,"Gut, was ist am Montag?"
df9c6f4fdf69da6c,"Vincent",de,"Gut. Das bestelle ich."
465ba91fc00a47ad,"Vincent",de,"Gut. Geben Sie auch weiterhin Ihr Bestes."
f5d907e38f50232c,"Vincent",de,"Gut. Sie sind dort drüben."
bbbf248519efb040,"Vincent",de,"Gut. Wann soll ich es einnehmen?"
bc92175e890d686b,"Vincent",de,"Gute Idee! Ich nehme das schwarze Kleid."
c205c58b353aa1b7,"Vincent",de,"Gute Idee. Am Mittwoch gibt es noch eine Besprechung."
8f8470466df0201b,"Vincent",de,"Haar"
d3e1b4fb76509e0b,"Vincent",de,"Haare"
b28fb594fdcf853b,"Vincent",de,"haben"
2be85d1786d69998,"Vincent",de,"haben (""to have"") drückt Besitz aus und funktioniert für Menschen, Tiere und Dinge gleichermaßen — im Deutschen gibt es dafür nur ein einziges Verb: ich habe, du hast, er/sie/es hat."
dc9a9872501309ae,"Vincent",de,"haben / existieren (belebt)"
a6f3fe433b2fc478,"Vincent",de,"haben / existieren (unbelebt)"
fb4971b83774198d,"Vincent",de,"Haben Sie auch Eier?"
787893226dacaaeb,"Vincent",de,"Haben Sie auch Husten?"
1741e1f6cdea50c7,"Vincent",de,"Haben Sie die Vorhersage gesehen? Es scheint, dass es morgen regnet."
42c1d11194147cc3,"Vincent",de,"Haben Sie Ihren Spiegel gesehen?"
6dc6d6fa0c2df308,"Vincent",de,"Haben Sie Kopfschmerzen?"
7571c92c131c542f,"Vincent",de,"Haben Sie schon gewählt?"
9d6b2cce4eb34c3e,"Vincent",de,"Haben sie sich gut verstanden?"
ff33b6ed291d36e7,"Vincent",de,"Hafen"
2098b64b5c51ec8b,"Vincent",de,"Hallo, ich bin gerade am Flughafen angekommen."
4f26ac1edc48a6a5,"Vincent",de,"Hallo! Ich bin deine Lehrkraft für diese Lektion."
4e73fdb6fc56f655,"Vincent",de,"Hallo. Darf ich Ihnen ein paar Fragen stellen?"
9373b6cbea9482f7,"Vincent",de,"Hals"
2ed4d9b3fff1668d,"Vincent",de,"Hals, Kehle"
85b72dfa67316b4b,"Vincent",de,"halten (Haustier)"
c772947c479ed470,"Vincent",de,"Hand"
7f82e956d9a2c9d7,"Vincent",de,"Hände, Arme"
d1a7031ca3c1a616,"Vincent",de,"Handschuhe"
ca137919b88f83d0,"Vincent",de,"hart, schwierig"
b390b85d992f93c0,"Vincent",de,"Hase"
e98578445d4e6b34,"Vincent",de,"Hast du auch ein Haustier?"
4ed805ff2a885f51,"Vincent",de,"Hast du die Hausaufgaben von heute schon fertig?"
14e38182fa6632b5,"Vincent",de,"Hast du ein Haustier?"
c96b5bd92520c93b,"Vincent",de,"Hast du einen Bart?"
9a5de82253a11260,"Vincent",de,"Hast du etwas gegessen?"
a19d603cd4868f2d,"Vincent",de,"Hast du viel Stress?"
9f2d8ac731282584,"Vincent",de,"Hattest du schon mal ein Haustier?"
15c4de14f2b3546f,"Vincent",de,"Hattest du schon mal einen Vogel?"
66df5eb89c1dc598,"Vincent",de,"Häufige Muster sind: -e (der Hund → die Hunde), -en/-n (die Katze → die Katzen), Umlaut ohne Endung oder mit -er (der Vogel → die Vögel), und -s meist bei Lehnwörtern (der Panda → die Pandas)."
b9bceb35f5613aa8,"Vincent",de,"Hauptstadt"
9021e6a120d3833f,"Vincent",de,"Haus"
48e5422f62b9792c,"Vincent",de,"Hausaufgabe"
a154abb61324ceb9,"Vincent",de,"Haustier"
1defbb941153d5ad,"Vincent",de,"Heft"
f6bc4ad006c01823,"Vincent",de,"heiß"
f7c01ec7e7285f37,"Vincent",de,"heiß (Temperatur)"
f08be52044cfcb06,"Vincent",de,"helfen"
9201c0ec4908ab07,"Vincent",de,"hell"
7c604a5d4e4bba6b,"Vincent",de,"Hemd"
42cfe38ed2a56d14,"Vincent",de,"Herbst"
48e2442633afcfe1,"Vincent",de,"Herkunftsort, Heimat"
f60f1911bf8028b2,"Vincent",de,"Herr Lehrer, darf ich eine Frage stellen?"
ea62a1c0b2dcaea6,"Vincent",de,"heute"
b366bfb3606172fd,"Vincent",de,"heute (kein Partikel)"
1f69a359fcbf94f2,"Vincent",de,"Heute ist es kälter als gestern."
9cceb2a89f3202f1,"Vincent",de,"Heute ist es nicht so heiß wie gestern."
7981d6090aeb5b28,"Vincent",de,"Heute ist es wärmer als gestern."
5059b7b297de6925,"Vincent",de,"Heute Morgen ist es kälter als gestern."
30e05b3f23bd1863,"Vincent",de,"Heute Morgen war es am kältesten."
e721ccf9e3972fc2,"Vincent",de,"Hier entlang, bitte. Hier ist die Speisekarte."
5d9908a7cc727a8c,"Vincent",de,"Hier wau-wau, da wau-wau"
bdd3d0990d089d8b,"Vincent",de,"Himmel"
7bb8efecbacd0343,"Vincent",de,"hinten"
31845020d0ebf46c,"Vincent",de,"Hmm, gut. Zwanzig Euro sind in Ordnung."
a5f71585827a6f5d,"Vincent",de,"Hmm, vielleicht etwas zu auffällig."
2689188223d23605,"Vincent",de,"Hmm, wie wäre es mit fünfundzwanzig Euro?"
d3c4cc31c80da481,"Vincent",de,"hoch"
647ee1e05fc1c873,"Vincent",de,"hoch über der Welt"
ece6d647bd502f47,"Vincent",de,"Hof"
24e270ea3e562576,"Vincent",de,"Höfliche Sie-Form: Verb und Sie tauschen die Reihenfolge (Sie gehen → Gehen Sie!)."
e08a42c3d8ffeb74,"Vincent",de,"Höhe"
29656a836b0b4e63,"Vincent",de,"Höhle"
04f1024b621259a0,"Vincent",de,"holen"
851ae4607ca4baf7,"Vincent",de,"hören"
b852b468e4300baa,"Vincent",de,"Horizont"
ecd047ce970c108a,"Vincent",de,"Hörst du nicht die Glocken?"
8eab5382482dc5ac,"Vincent",de,"Hose"
93a95863149f47b0,"Vincent",de,"Hotel"
13aa840cae83c55d,"Vincent",de,"hübsch, gepflegt"
fe4a55fadbadd2be,"Vincent",de,"Hügel"
ff05b8ffe2afef0a,"Vincent",de,"Huhn"
e0101a26190a9059,"Vincent",de,"Hund"
6aefad40a8e37ec4,"Vincent",de,"Hunger"
4cd260c4c2b055d5,"Vincent",de,"hungrig werden (おなかが すく)"
8b0da3b590a8413b,"Vincent",de,"Husten"
bbd8fef6b7e9bfe2,"Vincent",de,"Hut"
0a1f3a9441bb8dbe,"Vincent",de,"Hut, Mütze"
884b6a513a6ddaa8,"Vincent",de,"ich"
e3f41ea07259161a,"Vincent",de,"Ich auch. Es ist kühl und fühlt sich angenehm an."
1b1fe3fa78a6bc69,"Vincent",de,"Ich begleite dich den ganzen Weg."
bdddb69ffdd2a24e,"Vincent",de,"Ich bin Angestellte. Ich arbeite bei einer Handelsfirma."
09cc7109bc9147cc,"Vincent",de,"Ich bin groß."
d5d36e5c42139184,"Vincent",de,"Ich bin im Hotel."
5538ef06405392d7,"Vincent",de,"Ich bin Ingenieur. Ich leite Projekte."
250718a992f91c7b,"Vincent",de,"Ich bin klein und habe lange Haare."
0714fee1cf8e60b0,"Vincent",de,"Ich bin klein."
549211a802299f31,"Vincent",de,"Ich bin Lehrerin."
b2f69168828d5811,"Vincent",de,"Ich bin nicht traurig."
5de6fde7993c2fcd,"Vincent",de,"Ich bin vor drei Jahren gekommen."
6e126af59779d97d,"Vincent",de,"Ich brauche einen Computer."
785ba61148d6abe3,"Vincent",de,"Ich brauche zwei Tomaten."
9aa7edec660d944d,"Vincent",de,"Ich esse Brot und Eier."
f28e1ae28d953324,"Vincent",de,"Ich esse Gemüse und Obst."
befd94b930824bcb,"Vincent",de,"Ich esse im Büro."
82f12edbf9492021,"Vincent",de,"Ich esse jeden Tag Brot."
27aa192e1f00367f,"Vincent",de,"Ich esse oft in einem Restaurant."
cada980fbee88466,"Vincent",de,"Ich fahre ins Hotel."
17eac38d073a8bb5,"Vincent",de,"Ich fahre mit dem Bus zur Arbeit."
2a3bbae5b5207b4f,"Vincent",de,"Ich fahre mit dem Fahrrad zur Arbeit."
2d56cfa67fdf68b8,"Vincent",de,"Ich fahre mit dem Zug zur Schule."
ac00563bdf25cc8e,"Vincent",de,"Ich fahre mit dem Zug. Dann steige ich auf den Bus um."
d26448266717546a,"Vincent",de,"Ich fahre zum Bahnhof."
af982eb9cc1e9f02,"Vincent",de,"Ich finde, der Himmel ist heute auch am schönsten."
ca0d66b1409141bb,"Vincent",de,"Ich freue mich darauf!"
ef53d383551c256a,"Vincent",de,"Ich freue mich schon!"
27756588217a4308,"Vincent",de,"Ich gebe den Test ab."
4c8488e0b71ad37d,"Vincent",de,"Ich gebe die Hausaufgabe ab."
5e38740e5140d602,"Vincent",de,"Ich glaube, diese schwarzen Schuhe passen gut."
c394492d1d10ec88,"Vincent",de,"Ich habe das Gefühl, ich kann sogar den Horizont sehen."
d4a2131758a1f3b3,"Vincent",de,"Ich habe eine E-Mail bekommen."
2a0d6cd9fceb41a6,"Vincent",de,"Ich habe eine Schwester."
b239c625328b20f3,"Vincent",de,"Ich habe einen Bruder."
032699ac29ab9fde,"Vincent",de,"Ich habe einen Kollegen getroffen."
cfd49d739fe839b9,"Vincent",de,"Ich habe einen Sohn und eine Tochter."
5791c54651786900,"Vincent",de,"Ich habe einen starken Rücken."
902ae6333fc9c479,"Vincent",de,"Ich habe gestern nicht gut geschlafen."
7ef738d7ccf549bc,"Vincent",de,"Ich habe keine Sorge."
58fa56ad61a00ea9,"Vincent",de,"Ich habe noch nicht mit ihm gesprochen. Ich habe Angst."
50207e7320acad78,"Vincent",de,"Ich habe starke Arme."
6acd482361812998,"Vincent",de,"Ich habe viel Geld gespart."
2c4b21b1f142c0c6,"Vincent",de,"Ich habe zwei Kinder."
f0f651134850df19,"Vincent",de,"Ich hatte zwei Katzen."
ca98e13cc45dcc81,"Vincent",de,"Ich hoffe, der Sommer kommt bald."
62985546b8e60e82,"Vincent",de,"Ich kann auch meine Finger bewegen."
ade72142b9495d89,"Vincent",de,"Ich kaufe drei Tomaten."
0217bac6527f4189,"Vincent",de,"Ich kaufe ein paar Tomaten."
c0bc41dd306311d5,"Vincent",de,"Ich komme auch bald an. Ich beschreibe dir, wie ich aussehe."
433d238354f35ed1,"Vincent",de,"Ich komme aus Deutschland."
1195b8bb526b0785,"Vincent",de,"Ich komme aus Frankreich."
e4782cbaa9a56d5a,"Vincent",de,"Ich komme aus Großbritannien."
6c0b8c91e8ae6fcf,"Vincent",de,"Ich komme um sechs Uhr im Büro an."
159ac5edc2222a88,"Vincent",de,"Ich lege die Karte auf den Tisch."
596812699467ae08,"Vincent",de,"Ich mache mir Sorgen. Ich verpasse wohl den Zug."
90d7d93d3dd0a3c6,"Vincent",de,"Ich mag Berge lieber als das Meer."
559e74068eba2cc8,"Vincent",de,"Ich mag das Essen und die heißen Quellen."
a0876fc7ac7ae4f6,"Vincent",de,"Ich mag die Firma."
67f0917ac58f74fa,"Vincent",de,"Ich mag süße Sachen."
621f7d5b4259ee09,"Vincent",de,"Ich möchte auch die Kaninchen sehen."
0fba59c6ab365b8b,"Vincent",de,"Ich möchte die Elefanten sehen!"
b472ded94b464117,"Vincent",de,"Ich möchte etwa vier Tage bleiben."
513dd58fad3d2fa7,"Vincent",de,"Ich möchte mich gut vorbereiten."
94e9cfb4bde2436c,"Vincent",de,"Ich möchte nach Okinawa."
bad063a064248a89,"Vincent",de,"Ich möchte Reis essen."
5aaa41c04f27d090,"Vincent",de,"Ich möchte sie schnell sehen!"
a77d61df6ca4d7ac,"Vincent",de,"Ich möchte Sushi essen."
453d9c03ad1d3db0,"Vincent",de,"Ich möchte viele Fotos machen."
599a17c43a500acf,"Vincent",de,"Ich nehme das hier."
c0ccf5ae0d888378,"Vincent",de,"Ich passe gut auf."
aded54ce57765ecb,"Vincent",de,"Ich passe im Unterricht auf."
8750c67f4cfdd006,"Vincent",de,"Ich plane, nach Korea zu reisen."
1a3fad8589bc40b3,"Vincent",de,"Ich putze sie immer."
3bc1e581ad755b3b,"Vincent",de,"Ich rupfe die Federn von deinem Kopf"
2ba5a340246d8e6f,"Vincent",de,"Ich schreibe die Antwort auf."
2edabc4863d4370c,"Vincent",de,"Ich schreibe eine E-Mail."
2f1e9f309e3d2f37,"Vincent",de,"Ich sehe den Chef."
9374e10298c2e0cd,"Vincent",de,"Ich sehe den Kollegen."
9bdffefc6be95dfc,"Vincent",de,"Ich sehe die Kollegin."
f785141ba04f87a3,"Vincent",de,"Ich spreche Französisch und Englisch."
57350cd453ef4830,"Vincent",de,"Ich steige an der nächsten Station aus."
dc591db9dd2efe3e,"Vincent",de,"Ich steige in den Bus ein."
0ed0b389e4012329,"Vincent",de,"Ich steige in den Zug ein."
e752eb4db5e37248,"Vincent",de,"Ich steige in Shinjuku um."
df1fecd7967aecbe,"Vincent",de,"Ich steige in Tokio um."
1cb273c5cfde41b7,"Vincent",de,"Ich suche das Museum."
c195f53b2c965aaa,"Vincent",de,"Ich trage rote Kleidung."
e51057ae2adb3094,"Vincent",de,"Ich verlasse das Haus um sieben Uhr."
035ceae67eb12fd7,"Vincent",de,"Ich verlasse um sieben Uhr das Haus."
b8d8ed2697ccbc54,"Vincent",de,"Ich war wegen der Arbeit nervös."
120c41f8dfa779dc,"Vincent",de,"Ich weine nicht."
b2a50720aa1f0594,"Vincent",de,"Ich weiß nicht. Ich frage ihn."
974a18b840bab7b7,"Vincent",de,"Ich weiß, dass du dich sehr anstrengst."
63c20d9793a615b7,"Vincent",de,"Ich wohne mit meinem Mann und meiner Tochter."
f13e142843d113c5,"Vincent",de,"Ich würde gerne, aber der Fahrpreis ist teuer."
ee4814ff411541a4,"Vincent",de,"Ich zahle bar."
f92a829d6b5b7e3c,"Vincent",de,"Ihr benutzt die Medikamente."
6070dd54aefd4f99,"Vincent",de,"Ihr Garten ist groß."
b816658dd01c9aac,"Vincent",de,"Ihr Japanisch ist sehr gut!"
a6df6eb11bf0351f,"Vincent",de,"Ihr Kühlschrank ist praktisch."
26dd7a0b08e749bd,"Vincent",de,"ihr-Form: die normale ihr-Form ohne Pronomen (ihr geht → Geht!)."
976a6716204d2456,"Vincent",de,"Ija-ija-oh"
848ec4b48afd2951,"Vincent",de,"im Ausland"
6322ef3c96107e8f,"Vincent",de,"Im Infinitiv bleibt das Verb zusammen: Ich möchte gut aufpassen."
e91743ca0f91457c,"Vincent",de,"Im Präsens und Imperativ wandert das Präfix ans Satzende: aufpassen → Ich passe im Unterricht auf."
fff94fced4d4e399,"Vincent",de,"im steht bei Monaten und Jahreszeiten (im Winter)."
7ba78869de0c6f48,"Vincent",de,"Im Winter bin ich beschäftigt."
8ea2eb8f9bdff99f,"Vincent",de,"Im Zoo gibt es viele Vögel."
5f8aeaf16e82807f,"Vincent",de,"Imperativ"
196c2670f7ed9e05,"Vincent",de,"In der Stoßzeit ist er wirklich voll."
dce0ef80210afda4,"Vincent",de,"In welchem Stockwerk ist es?"
b9934d83ba2f8234,"Vincent",de,"Indonesien"
72f59ec2766fc09d,"Vincent",de,"ins Krankenhaus gehen"
db3b8f282707f38b,"Vincent",de,"Insel"
4012960c617217b6,"Vincent",de,"Insgesamt fünf Euro."
72a5b83986558126,"Vincent",de,"Ist das dein Hut?"
3e7692e88267d0bd,"Vincent",de,"Ist das dein Schlüssel?"
6aa0b117e3bb6396,"Vincent",de,"Ist das deine Küche?"
dbba2288146620e1,"Vincent",de,"Ist das euer Schlüssel?"
4fbe71634e925704,"Vincent",de,"Ist das Museum leicht zu finden?"
933859f1239def5a,"Vincent",de,"Ist deine Großmutter auch dort?"
b01583caa5abdfc2,"Vincent",de,"Ist der Zug immer voll?"
b5de0f7d2b82541f,"Vincent",de,"Ist es bei euch ruhig zu Hause?"
d0dfda47f43f17eb,"Vincent",de,"Ist es in Ordnung, wenn ich in der Bibliothek warte?"
f2908e8800599e23,"Vincent",de,"Ist es in Ordnung, wenn ich meine Hausaufgaben vergesse?"
4b588f27204651aa,"Vincent",de,"Ist es nah vom Bahnhof?"
c892bcc10e9a3be4,"Vincent",de,"Ja, aber die Gegend ist etwas belebt."
d316f60195771027,"Vincent",de,"Ja, alle sind nett. Aber der Abteilungsleiter ist streng."
c81f26574b638134,"Vincent",de,"Ja, am Freitag gibt es eine große Besprechung."
dd12303adb64b7e3,"Vincent",de,"Ja, biegen Sie an der Kreuzung rechts ab."
bfd853416cb391cc,"Vincent",de,"Ja, bis Sonntag!"
3745f76817b68db6,"Vincent",de,"Ja, bitte."
f10e405220f4e52b,"Vincent",de,"Ja, bitte. Die Umkleidekabine ist dort drüben."
de42e3d73bd5f90b,"Vincent",de,"Ja, da es ein großes Gebäude ist, finden Sie es sofort."
df8a3d16b43a7f7c,"Vincent",de,"Ja, das ist in Ordnung."
0398964feb5c187b,"Vincent",de,"Ja, das möchte ich unbedingt sehen!"
9ea8f9d395026c33,"Vincent",de,"Ja, die Farbe ist auch schön."
1985c5bc8b375377,"Vincent",de,"Ja, die ist gratis. Bitte sehr."
4f63d3702b79198a,"Vincent",de,"Ja, er ist hinter dem Gebäude."
73cbbd79be8e0ce7,"Vincent",de,"Ja, er ist sehr stark."
1c566614006b0e65,"Vincent",de,"Ja, es gibt viele Fenster. Hier ist die Küche."
0db10b5ec5d0680a,"Vincent",de,"Ja, es ist noch Zeit."
1a50d557e99ff568,"Vincent",de,"Ja, es ist schwül."
abeb378e17a934e7,"Vincent",de,"Ja, etwa drei Minuten zu Fuß."
1c04574c919e6a73,"Vincent",de,"Ja, geradeaus, bis Sie den Park sehen."
c53be862e1912bc9,"Vincent",de,"Ja, gerne."
dddfebf52a163c8c,"Vincent",de,"Ja, gibt es eine größere Größe?"
2887cbcbaf6cb72d,"Vincent",de,"Ja, ich arbeite seit zehn Jahren."
2136fa557107545f,"Vincent",de,"Ja, ich bin jeden Abend bis spät im Büro."
82983594f186e2ff,"Vincent",de,"Ja, ich denke, das ist in Ordnung. Aber der Lehrer ist heute schon nach Hause gegangen."
5a0b377b7c90608b,"Vincent",de,"Ja, ich habe Ärger mit einem Kollegen."
280fec4243f0b27e,"Vincent",de,"Ja, ich habe einen Hund."
e8de2b06303ddfdb,"Vincent",de,"Ja, ich habe einen kurzen Bart."
614663cc41f686fb,"Vincent",de,"Ja, ich habe zwei Katzen."
72fbabfaf7017071,"Vincent",de,"Ja, ich hatte einen Hund."
c1ffed5c35ba5f5e,"Vincent",de,"Ja, ich kann sie bewegen."
b12f7a776efb1a9b,"Vincent",de,"Ja, ich mache es morgens."
19e196f7a29e7564,"Vincent",de,"Ja, ich mache jeden Tag Überstunden."
0633f281cdf47a69,"Vincent",de,"Ja, ich möchte etwas frisches Gemüse."
d17587e525617410,"Vincent",de,"Ja, ich spreche auch Englisch."
6f85250386a2685b,"Vincent",de,"Ja, ich trinke ihn jeden Morgen."
15b33096012f6b7b,"Vincent",de,"Ja, ihre Augen sind sehr groß."
06005ef97bc5032c,"Vincent",de,"Ja, in letzter Zeit baut sich viel Stress bei mir auf."
8c7a293c1f1d2104,"Vincent",de,"Ja, irgendwann möchte ich wieder einen Hund."
4db224acb54eb80b,"Vincent",de,"Ja, machen wir das!"
83ee780b18ecd476,"Vincent",de,"Ja, mein Hals tut auch weh."
5011eb8ce44d7c4d,"Vincent",de,"Ja, mir geht es nicht wirklich gut."
0c75c7b1d7513709,"Vincent",de,"Ja, nächstes Jahr werde ich vielleicht Bereichsleiter."
4c03ca1936de50af,"Vincent",de,"Ja, ruhen Sie sich heute aus."
1b905ea0c1710180,"Vincent",de,"Ja, Sapporo ist eine der schneereichsten Städte Japans."
927e9f1429a6d38b,"Vincent",de,"Ja, sechs für zwei Euro."
c98cd580dcfabfca,"Vincent",de,"Ja, sehr gerne. Und du, Ai?"
f8c7f1d05d4452e7,"Vincent",de,"Ja, sehr gut. Er macht jeden Tag einen Spaziergang."
4e6414fb6a33b47a,"Vincent",de,"Ja, sehr süß. Auch wenn sie viel Lärm machen."
12f6941c80b0c625,"Vincent",de,"Ja, sie sind in diesem Gebäude."
c34e1d3ac4e07c47,"Vincent",de,"Ja, sie trägt eine Brille."
bbe9c3371e652b9c,"Vincent",de,"Ja, Tokio hat eine höhere Luftfeuchtigkeit."
571ec48336842f5c,"Vincent",de,"Ja, unter dem Gebäude gibt es einige."
20d07020aa5e6f6a,"Vincent",de,"Ja, verstanden."
75f548c4d9759b0e,"Vincent",de,"Ja, weil der Bus praktischer ist."
7516170fed239af3,"Vincent",de,"Ja, weil es Schwesterkatzen waren."
c9d893ace783ee47,"Vincent",de,"Ja, wie wäre es mit diesem hier?"
462ae9e507b2ad68,"Vincent",de,"Ja! Ich freue mich darauf."
80f565040b5bdcde,"Vincent",de,"Ja! Sind Löwen gruselig?"
35685ce05a3c468b,"Vincent",de,"Ja. Sie ist groß und hat kurze Haare."
c1cee6409ad32787,"Vincent",de,"Jacke"
773abe730c60c97a,"Vincent",de,"jagen"
c4cefbd794509bbc,"Vincent",de,"Jäger"
2888b3cb6cc36c81,"Vincent",de,"Jahr"
c36009e3095ef1bd,"Vincent",de,"Jahreszeit"
dd3fad1a6bb6d516,"Vincent",de,"Januar"
487146d55ef234f7,"Vincent",de,"Japan"
88cdd0c21b949c23,"Vincent",de,"Japanisch (Sprache)"
b1945b4dfa9e9f1b,"Vincent",de,"Jargon"
ca844a58bb9c335d,"Vincent",de,"Jede Lektion baut auf dem auf, was du schon kannst."
439df201802469f1,"Vincent",de,"jeder"
2e408fd8c16572de,"Vincent",de,"Jeder macht Fehler. Mach dir keine Sorgen."
dde38cf48f3dc8e7,"Vincent",de,"jederzeit"
b54864904f9ebb22,"Vincent",de,"jemand"
03f46b1720ffab44,"Vincent",de,"Jene Insel ist die kleinste."
87e2bb02359554d0,"Vincent",de,"Jener Berg ist der gefährlichste."
e2d837f311ed7bd4,"Vincent",de,"jetzt"
4a980f13924f6ad2,"Vincent",de,"jeweils"
cd868fcc0e30fdbb,"Vincent",de,"Job"
e082789c0c6790fb,"Vincent",de,"Jockey"
1648057dd74bbbab,"Vincent",de,"Jodler"
b9e5bf195c64a5f3,"Vincent",de,"Joghurt"
7ebbc0eae164b5c4,"Vincent",de,"Joker"
11e3968b51a086c7,"Vincent",de,"jonglieren"
3a7684caca6aa574,"Vincent",de,"Journalist"
306b9b270aa1866b,"Vincent",de,"Jubel"
f20ac2a124ee4134,"Vincent",de,"Jubiläum"
141be24b3774b90c,"Vincent",de,"Jugend"
39ca5910068d587f,"Vincent",de,"Juli"
c738b05d79b48a5e,"Vincent",de,"jung"
794be086a7e21f0c,"Vincent",de,"Junge"
3862dac697028a3e,"Vincent",de,"jüngere Schwester"
27a5d74634995b66,"Vincent",de,"jüngere/r Mitschüler/in"
70a1ca0785101936,"Vincent",de,"jüngerer Bruder"
2539adf46433a1c2,"Vincent",de,"Jungfrau"
d43adc78a052665a,"Vincent",de,"Juni"
7c2cbea70a936521,"Vincent",de,"Jupiter"
3dc8ad61ac9fa8fc,"Vincent",de,"Justiz"
cbdc4e48cf72b105,"Vincent",de,"Jute"
77372ddc8a9970ef,"Vincent",de,"Juwel"
a82cf7a9fdc1db6d,"Vincent",de,"Käfer"
0976ac3ebf809616,"Vincent",de,"kalt"
8320a7feda758d5e,"Vincent",de,"Kambodscha"
58115e1ae0ec6e41,"Vincent",de,"Kanada"
5db883fbffcda574,"Vincent",de,"Kaninchen"
4234332041cf09b1,"Vincent",de,"Kannst du dann mit mir darüber nachdenken?"
8eb99ad75e215b61,"Vincent",de,"Karte"
40e66e788112f9ae,"Vincent",de,"Kasachstan"
682ded2a0da7aa19,"Vincent",de,"Käse"
3229672c8e5c8bf6,"Vincent",de,"Kasse"
2398b3292e6ad1be,"Vincent",de,"Kassenbon"
79f4f42fb5d67c87,"Vincent",de,"Katze"
e66be704df477522,"Vincent",de,"kaufen"
ccf9b22a8a1b1ad4,"Vincent",de,"Käufer"
1700bd340ef24d62,"Vincent",de,"Kein Problem, ich komme früh."
d0d9e7c6c3672736,"Vincent",de,"Kein Problem, sie sind hinter Glas."
2703241a655390b2,"Vincent",de,"Kein Problem. Ich nehme eine Abkürzung."
e10e85103c12cd37,"Vincent",de,"Kein Problem. Wessen Tasche ist das?"
362e3fe3878a0a79,"Vincent",de,"kein verneint Nomen, die mit ein/eine stehen oder ganz ohne Artikel: Ich habe keine Sorge."
c25a0bc37b54e098,"Vincent",de,"Ken, Sie sehen irgendwie müde aus."
6de3cc0c943c6724,"Vincent",de,"Kind"
560b6ca96177d00b,"Vincent",de,"Klar. Sollen wir in der Bibliothek lernen?"
f649f5783931b8d8,"Vincent",de,"Klasse"
084581ab29471cca,"Vincent",de,"Klassenkamerad/in"
b0f8a800cc0d538b,"Vincent",de,"Klassenzimmer"
fe94e3a961ab1a98,"Vincent",de,"Kleid"
7cefa4b69b706d9c,"Vincent",de,"Kleidung"
d08c82678a5d25e8,"Vincent",de,"klein"
e33198c633f5eaac,"Vincent",de,"klein, niedrig"
11afb6783a2286d6,"Vincent",de,"Klingt gut! Lass uns beides machen, Berge und Meer."
d0fff2b78f03233d,"Vincent",de,"Klingt gut! Wohin möchtest du?"
2c773e0c9c8fff7b,"Vincent",de,"Klingt gut. Wo treffen wir uns?"
8564f347562efc78,"Vincent",de,"Klingt nach einer lustigen Familie!"
e89b84ea6bc06d93,"Vincent",de,"Kloster"
fc6bff461d72d38e,"Vincent",de,"Knie"
91f8efff061be731,"Vincent",de,"Knie und Zehen"
7923fe99e937fee2,"Vincent",de,"Koch"
fba2a454ff413133,"Vincent",de,"kochen"
8bf5913fe30762af,"Vincent",de,"Koffer"
42a6804706885430,"Vincent",de,"Kohle"
a3665646abd57a18,"Vincent",de,"Kollege, Kollegin"
bbae564efca62d64,"Vincent",de,"Kolumbien"
189d68a2a08de709,"Vincent",de,"Kommt ein Taifun?"
128b5c2a68025bee,"Vincent",de,"Komparativ und Superlativ"
e25311808d069709,"Vincent",de,"Komparativ und Superlativ: Wetter (vertieft)"
7262fb07ccd52a7f,"Vincent",de,"kompliziert"
2a7e99597c3e063c,"Vincent",de,"König"
2f718cca6a3684a3,"Vincent",de,"können"
78fbe3f163880ace,"Vincent",de,"Können Sie es etwas günstiger machen?"
c8e9272a4515e476,"Vincent",de,"Können Sie Ihre Hand bewegen?"
6b52fa35fc459d53,"Vincent",de,"kontaktieren"
2424ffd7d973f89f,"Vincent",de,"Kontinent"
69be143d8347aa19,"Vincent",de,"Konto"
2dc562d6ed4fff54,"Vincent",de,"Kopf"
4c44f87da1d473aa,"Vincent",de,"Kopf, Schultern, Knie und Zehen"
236ac1d78cbacdd9,"Vincent",de,"Korea"
2c40c849e5cd8766,"Vincent",de,"Körper"
6d0a6ae2de2a23cb,"Vincent",de,"Körperbau"
3dc82cf03424c4dd,"Vincent",de,"Körpergröße"
c033cadfc693b9f5,"Vincent",de,"Körpertemperatur"
f91ae82255b5792b,"Vincent",de,"kräftig"
7215bf32514216ef,"Vincent",de,"kräftig, füllig"
7600251246cdfd70,"Vincent",de,"Krankenhaus, Klinik"
2594e3e12d4f14e2,"Vincent",de,"Krankenpfleger(in)"
69f76a017bf9f19d,"Vincent",de,"Krankenwagen"
9e90b7326b926d69,"Vincent",de,"Krankenzimmer"
0829b9854273a46e,"Vincent",de,"Krankheit"
4a4da00119199343,"Vincent",de,"Krawatte"
2611353628aec76d,"Vincent",de,"Kreuzung"
b3c2a866384bfc8c,"Vincent",de,"Krieg"
339b1ff6a69cbb7e,"Vincent",de,"Kroatien"
bb6aaaac2d95c1a9,"Vincent",de,"Krone"
80d8f5b72ea9842f,"Vincent",de,"Krug"
a3eca50c85df126a,"Vincent",de,"Küche"
32fcacbf98fefd4d,"Vincent",de,"Kuchen"
462ff40111253e4c,"Vincent",de,"Kuh"
bc8c7ddfcb50dc8b,"Vincent",de,"kühl"
6019224a22f982f0,"Vincent",de,"Kühlschrank"
5e449532e3da37d5,"Vincent",de,"Kultur"
242239f485eae221,"Vincent",de,"Kummer"
65f26b47d502c459,"Vincent",de,"Kunde, Kundin"
d0b945d2eee57280,"Vincent",de,"kündigen, aufhören"
103a1c763a3d6cd0,"Vincent",de,"Kunst"
67cc33f60d6b73dd,"Vincent",de,"Kur"
98d104b3fce32e53,"Vincent",de,"kurz"
031bd2edf966b0cf,"Vincent",de,"kurz (Dauer)"
ed266e3709dd9abd,"Vincent",de,"kurz (Länge)"
8addb9da70147628,"Vincent",de,"Kuss"
15c4b69e724d78db,"Vincent",de,"lächelndes Gesicht"
5f2f0fb7333dcc59,"Vincent",de,"lachen"
99c52bac52e32a46,"Vincent",de,"lachen, lächeln"
2b33bf57792f2da8,"Vincent",de,"Laden"
1af27a48eceea84b,"Vincent",de,"Lampe"
29d84d018d2cefe2,"Vincent",de,"Land"
8e1fb8e46aaadc4c,"Vincent",de,"Länder"
3f6fa37d275301b4,"Vincent",de,"Landschaft"
a9f3b558b61a4082,"Vincent",de,"Landschaft, Aussicht"
dfca8ccd9217582b,"Vincent",de,"lang"
7869c3230fca78ad,"Vincent",de,"lang (Dauer)"
930e0d2ed4c966a1,"Vincent",de,"langsam"
7b5865d00c84992a,"Vincent",de,"Lass uns am Donnerstag vorbereiten."
e08bb91999a4d7b0,"Vincent",de,"Lass uns den Zeitplan für diese Woche bestätigen."
32c622a752aea7fa,"Vincent",de,"Lass uns vorsichtig hinschauen."
ca988869d54db87c,"Vincent",de,"Lass uns wieder zusammen hochsteigen."
d6fb70cf1a5b6f1c,"Vincent",de,"Lass uns zusammen einen Kaffee trinken gehen."
faf395057ec7d124,"Vincent",de,"Lassen Sie sich untersuchen!"
5a8dd24a6e846d7d,"Vincent",de,"Laute von sich geben"
198247fc74ab0a14,"Vincent",de,"lebhaft"
83bddd62e1981b35,"Vincent",de,"lecker"
55c1ea3676b46bf9,"Vincent",de,"leer sein, wenig besucht sein"
c4c6590ec041f721,"Vincent",de,"Legen Sie sich hin!"
f798b53496f826ba,"Vincent",de,"Lehrbuch"
4fa8ec029e8d9d16,"Vincent",de,"Lehrer(in)"
3a91f08454b3d42b,"Vincent",de,"Lehrer/in"
dd5eb5334e9ac4a3,"Vincent",de,"leicht verständlich"
371826fee0a51353,"Vincent",de,"leihen, mieten"
40d09f173e58a413,"Vincent",de,"Lektion 1 — Familie"
88b55519fd124b72,"Vincent",de,"Lektion 10 — Gesundheit & Anweisungen"
271221fa2e05bf22,"Vincent",de,"Lektion 11 — Reisen"
19c34e26854466fe,"Vincent",de,"Lektion 12 — Wegbeschreibung"
755362cebedda652,"Vincent",de,"Lektion 13 — Zeit"
c1803e8f5cc1d9f0,"Vincent",de,"Lektion 14 — Länder"
9aa70487f5933d2e,"Vincent",de,"Lektion 15 — Landschaft"
96e48e501bd06323,"Vincent",de,"Lektion 16 — Verkehr"
fb2914cb43443479,"Vincent",de,"Lektion 17 — Arbeit"
499c3498be7073bf,"Vincent",de,"Lektion 18 — Schule"
f54603145301632f,"Vincent",de,"Lektion 19 — Wetter"
4362425e060b1335,"Vincent",de,"Lektion 2 — Körper"
661db02d70f7d98f,"Vincent",de,"Lektion 3 — Aussehen"
03b53014feba03cc,"Vincent",de,"Lektion 4 — Gefühle"
707b038e163ec864,"Vincent",de,"Lektion 5 — Essen"
08c175fc0ab9e14c,"Vincent",de,"Lektion 6 — Zuhause"
a58a76e0d15cf435,"Vincent",de,"Lektion 7 — Kleidung"
32133b9f28b077fc,"Vincent",de,"Lektion 8 — Einkaufen"
010784d393e32af7,"Vincent",de,"Lektion 9 — Tiere"
2436db0daa5299cc,"Vincent",de,"lernen"
313d14fb70423f26,"Vincent",de,"lesen"
c81b8c1b22bd254b,"Vincent",de,"letzter Zug"
35a07e9120a6a19e,"Vincent",de,"Licht"
0f08205579f710ad,"Vincent",de,"Linie"
99fdfbd6f6090e3b,"Vincent",de,"Lob"
55ca85440d4552aa,"Vincent",de,"Loch"
37eccd1b34617d3d,"Vincent",de,"locker"
692b1f28919ab6b6,"Vincent",de,"Löffel"
e7362e908efb0b84,"Vincent",de,"Lohn"
51a289d42b94b0b7,"Vincent",de,"London. Ich habe in der Hauptstadt gewohnt."
64bc1845327e6748,"Vincent",de,"Los"
e9d595f383563cbe,"Vincent",de,"Löwe"
cbd8c43647c391df,"Vincent",de,"Luft"
715267643c36dd19,"Vincent",de,"Luftfeuchtigkeit"
2f72a7b394728c15,"Vincent",de,"lustig, angenehm"
0e17db7fe8959981,"Vincent",de,"Mach dir keine Sorgen wegen Fehlern — pausiere und wiederhole jederzeit."
f6f5114884c4b0ee,"Vincent",de,"machen"
ec643e9b163dec02,"Vincent",de,"Machen Sie sich keine Sorgen!"
72c0ed76bd423b4c,"Vincent",de,"Machen Sie viele Überstunden?"
d07306b5211ad8d8,"Vincent",de,"machen, zubereiten"
97475ccb6bd6c191,"Vincent",de,"Machst du es selbst?"
d96eef12d34ad08b,"Vincent",de,"Macht euch keine Sorgen!"
6de566a37415a3df,"Vincent",de,"Mädchen"
5b64e7959a8a6106,"Vincent",de,"Magst du scharfes Essen?"
a773e485798b647f,"Vincent",de,"Mahlzeit"
1f80809bf43b7267,"Vincent",de,"Malaysia"
875d6d9a3dd620c0,"Vincent",de,"man selbst"
8249905f8152bee0,"Vincent",de,"Man sieht den Wald und den Fluss dort unten."
a465c8585e5abeee,"Vincent",de,"Manche Adjektive ändern dabei den Stammvokal (hoch → höher → am höchsten)."
126dad81b3be7bf4,"Vincent",de,"Mann"
95bd82421e22524b,"Vincent",de,"Mantel"
3095b6c4490bdb07,"Vincent",de,"Markt"
5a161e29e09e6330,"Vincent",de,"Marokko"
955d3fb75df87c7e,"Vincent",de,"März"
a72fa195d91a7777,"Vincent",de,"Mazedonien"
6c61ff35819d107b,"Vincent",de,"Mechanik"
5e746b6a4e76a2bc,"Vincent",de,"Mechaniker"
34497449c4afa412,"Vincent",de,"Medikament"
2eaee6ff17108418,"Vincent",de,"Medikamente einnehmen"
f995a7b22f816f3c,"Vincent",de,"Meer"
1e4ffea23c22e7fc,"Vincent",de,"Meer oder Berge, was ist besser?"
19aaa698340da341,"Vincent",de,"Mein Bauch ist in Ordnung."
ed1a153d5735880d,"Vincent",de,"Mein Bruder ist freundlich."
28a982243f7174c8,"Vincent",de,"Mein Kopf tut weh, und ich habe auch Fieber."
e395136c8c0e76a4,"Vincent",de,"Mein Kopf tut weh."
0e99672b50790f79,"Vincent",de,"Mein täglicher Arbeitsweg"
c58c203b33928405,"Vincent",de,"Mein Zimmer und das Schlafzimmer sind dort."
82442c8631a2008e,"Vincent",de,"Meine Eltern haben ein Haus."
f3bf52723c0def0f,"Vincent",de,"Meine Eltern sind freundlich."
266ed08c1820860b,"Vincent",de,"Meine Eltern sind streng."
3e040bfdd8d1c3fd,"Vincent",de,"Meine Eltern und mein Großvater wohnen dort."
ede0ee7d01040289,"Vincent",de,"Meine Familie hat ein großes Auto."
226007c9af44d3bf,"Vincent",de,"Meine Familie ist groß."
70758cc4fffe278c,"Vincent",de,"Meine Familie ist noch in Großbritannien."
067ffc6a551bb669,"Vincent",de,"Meine Großeltern sind lebhaft."
5e0dd77329624fab,"Vincent",de,"Meine Großmutter hat einen Hund."
589a570bb3e5d789,"Vincent",de,"meine schöne Dame"
3cd961c8f749d0a3,"Vincent",de,"Meine Schwester ist ruhig."
54786a0cc39026f4,"Vincent",de,"Meine Tür ist schmutzig."
200f77180ff3813c,"Vincent",de,"Meiner dauert ungefähr eine Stunde."
fc6674a662ad5823,"Vincent",de,"Mengenwörter wie viel(e) (""much/many"") und wenig(e) (""little/few"") stehen ebenfalls vor dem Nomen — bei zählbaren Nomen im Plural bekommen sie ein -e: viele Äpfel, wenige Äpfel."
5b645689b7b19945,"Vincent",de,"Merkmal"
ad0046d0535fbab2,"Vincent",de,"Mexiko"
a25c7a1b9bd11008,"Vincent",de,"mich"
1feb9abfcc785122,"Vincent",de,"Milch"
891e40d4eed4344d,"Vincent",de,"Minute"
ba796da832d8a161,"Vincent",de,"Mir gefällt der Frühling am besten. Er ist warm und schön."
b020d3c7c0915027,"Vincent",de,"Mir geht es nicht wirklich gut."
749f0694d0f9a6df,"Vincent",de,"Mir ist bei der Arbeit ein Fehler passiert."
d578b54fd60b9e4b,"Vincent",de,"Mit dem Lehrer über die Noten sprechen"
5a44c137ea131e21,"Vincent",de,"Mit einem knick-knack paddywhack"
31822100d216fa2b,"Vincent",de,"Mit Karte, bitte."
8717d56b9a8baaf9,"Vincent",de,"Mittagessen"
776617d7344ac960,"Vincent",de,"Möbel"
2baaf1147d18dcfd,"Vincent",de,"Möchten Sie noch etwas?"
0c32af3e8d2c97cd,"Vincent",de,"möchten, haben wollen (い-Adjektiv)"
ebd3a4ec7ca16fde,"Vincent",de,"Möchtest du auch etwas trinken?"
82d8adeb88fb2ee6,"Vincent",de,"Möchtest du Nachtisch?"
be5c57f763f6577a,"Vincent",de,"Möchtest du wieder ein Haustier?"
2ab0502be31db254,"Vincent",de,"Modalverben wie möchten drücken einen Wunsch aus, ähnlich wie ""would like to""."
0460f73463549308,"Vincent",de,"modisch"
9357902ba8355444,"Vincent",de,"mögen (な-Adjektiv)"
8cd6bf1efe39209c,"Vincent",de,"Moment, brauche ich eine Tüte?"
680c95bf3f2bb260,"Vincent",de,"Momo. Sie ist sehr lebhaft."
7ed9d53de96fafe4,"Vincent",de,"Mönch"
5ec174382c07a068,"Vincent",de,"Mond"
26a95f722a548c86,"Vincent",de,"Mongolei"
5cb1b27ced0d1e4c,"Vincent",de,"Montenegro"
bb35c1c3b29edf72,"Vincent",de,"Moped"
632fff0a1836448e,"Vincent",de,"morgen (kein Partikel)"
5c4b44d1de4609c3,"Vincent",de,"Morgen wird es wahrscheinlich windiger."
ce0472824bca69e3,"Vincent",de,"Motor"
ff29a496f12db7f0,"Vincent",de,"Motorrad"
fc17359c5dc67415,"Vincent",de,"Motte"
c6fd9cc7c2cdfbee,"Vincent",de,"müde"
0af95835abe80869,"Vincent",de,"müde werden"
c533fe1b69d1ba98,"Vincent",de,"Mund"
3a2361d2735f85a1,"Vincent",de,"Musik"
23ec7a653cfb8c87,"Vincent",de,"Muss ich an der Kreuzung abbiegen?"
3e469c901b28b255,"Vincent",de,"Mut"
f7f1b3ce351e6e2e,"Vincent",de,"Mutter"
b51443b53e05de35,"Vincent",de,"Mutti"
c103b5421e6b5bb6,"Vincent",de,"Nach dem Treffen habe ich frei."
dabb69a4f78c398f,"Vincent",de,"Nach dem Zeitplan ruhe ich mich aus."
2bc55c93cc9113ac,"Vincent",de,"Nach der Arbeit bin ich frei."
83898aa328ef3c91,"Vincent",de,"Nach sein (er ist, sie ist) bleibt das Adjektiv unverändert: Er ist groß."
b8f5af0621168c60,"Vincent",de,"Nachmittag"
8d7d0ed9363cc3b8,"Vincent",de,"nächste"
75b061f9faab2f7e,"Vincent",de,"Nächste Woche wird es wahrscheinlich kühler."
433f77f4786b2cd9,"Vincent",de,"Nacht"
6a4ed27b3134d2f3,"Vincent",de,"Nachtisch"
0248f4d878dfc8f9,"Vincent",de,"nah"
1d5f3f5b47c1f522,"Vincent",de,"nah, in der Nähe"
03ab795716dc586e,"Vincent",de,"nahe"
266de7a130530c94,"Vincent",de,"Name"
9f4361d6e91c5eea,"Vincent",de,"Nase"
6cbe182561177ea5,"Vincent",de,"Natur"
e4ba7cbf6f22af8a,"Vincent",de,"Natürlich! Komm jederzeit."
7627af973ba53320,"Vincent",de,"Natürlich. Auch wenn es etwas eng ist."
59fb8aae2bed21dc,"Vincent",de,"Natürlich. Lassen Sie uns das nach dem Unterricht durchgehen."
d7d9efb2e27ec552,"Vincent",de,"Nebel"
9a9154eaaeee7bef,"Vincent",de,"nehmen"
50e00625df677a6f,"Vincent",de,"Nehmen Sie die Medikamente ein!"
dbde59fd420f3351,"Vincent",de,"Nehmen Sie es jeden Tag, morgens und abends."
026f9c4e8801aaca,"Vincent",de,"Nehmen Sie sich Ihre freien Tage?"
24c69a42c26b9302,"Vincent",de,"neidisch"
ecf5ea4420e3c363,"Vincent",de,"Nein, das geht nicht. Bitte vergessen Sie sie morgen nicht."
3ea3d413393330e2,"Vincent",de,"Nein, der gehört uns."
2e972de28f12fe12,"Vincent",de,"Nein, es ist lebhaft wegen meiner Tochter!"
72b1a71a7a778a6d,"Vincent",de,"Nein, es ist nicht sehr scharf."
0ee29780d8442cb8,"Vincent",de,"Nein, ich bin Koreaner."
e43f3a56de6b8def,"Vincent",de,"Nein, ich glaube, es ist nur Wind. Aber bitte seien Sie vorsichtig."
375714f09f14bc2a,"Vincent",de,"Nein, ich habe keinen Husten."
b5ccc31adbd383ab,"Vincent",de,"Nein, ich habe seit heute Morgen nichts gegessen."
6343b882ea619278,"Vincent",de,"Nein, ich trage keine Brille."
115c440ee5616a15,"Vincent",de,"Nein, meine Großmutter nicht. Sie ist verstorben."
eec82c7183f9825f,"Vincent",de,"Nein, meiner hat eine Markierung."
961b21dffe819998,"Vincent",de,"Nein, noch nicht. Aber ich möchte irgendwann hinauf."
3a6f19e26d9ca6fa,"Vincent",de,"Nein, noch nicht. Sie ist schwer und ich verstehe sie nicht."
224d7e9128bc9ebf,"Vincent",de,"Nein, noch nie. Sind Vögel süß?"
446bc0de07197241,"Vincent",de,"Nein, überhaupt nicht."
c93f34caf67f7be6,"Vincent",de,"Nein, zu Fuß geht das gut."
e5a6ea5f66313e01,"Vincent",de,"nervös werden"
a4a0005a60ee4d6d,"Vincent",de,"Neun kleine, zehn kleine Finger"
8b7cb9431522a934,"Vincent",de,"nicht"
d05e490d1e084ff8,"Vincent",de,"nicht verneint Verben, Adjektive und Adverbien: Ich bin nicht traurig."
117722a46c7d941c,"Vincent",de,"Nicht wirklich."
c9099ca6c60b736c,"Vincent",de,"niedrig"
c1040b55b751fcd2,"Vincent",de,"Nimm das Medikament!"
0443d8080ff7b7a4,"Vincent",de,"Nimmst du an solchen Tagen den Bus?"
ebff064aa43e5dc1,"Vincent",de,"noch"
eb4ff6af26a59c98,"Vincent",de,"Noch weitere Merkmale?"
78f3ef59bd025540,"Vincent",de,"Nominativ und Akkusativ: eine Einführung"
33e6f5dba082b158,"Vincent",de,"Norden"
45b911d155aa1c0d,"Vincent",de,"Note"
5f65a1fec4528f2e,"Vincent",de,"Noten"
f5e62e9976965aa3,"Vincent",de,"November"
9182d9fbb5c2df99,"Vincent",de,"Nummer"
0469ae125bce0c61,"Vincent",de,"Nun ja, es ist ja Regenzeit."
cd3e9090f3c2bcba,"Vincent",de,"Nur bei maskulinen Nomen ändert sich der Artikel (der → den, ein → einen); feminine, neutrale und Plural-Artikel bleiben im Akkusativ unverändert."
33e3445a520c5e46,"Vincent",de,"Nuss"
b4ad504204035238,"Vincent",de,"oben"
fcab57f23e519bb6,"Vincent",de,"Obst"
f0852b2d5a996ab9,"Vincent",de,"oder"
434e74ff24310367,"Vincent",de,"Ofen"
24b8d7b5052008aa,"Vincent",de,"öffnen"
3becb4c887229003,"Vincent",de,"Oh, das passt genau!"
724c97d54e4aff33,"Vincent",de,"Oh, ich sehe dich! Du siehst freundlich aus!"
e1d6b1f7069b759d,"Vincent",de,"Oh, ich sehe schon den Bahnhof."
449536aca6fe771d,"Vincent",de,"Oh, stimmt. Entschuldigung."
1f6ae53e1c2dba77,"Vincent",de,"ohne"
a17ece15fa27d7ed,"Vincent",de,"Ohren"
8cb7f22309ca8a42,"Vincent",de,"Okay, ich sitze."
809294c52010beba,"Vincent",de,"okay, in Ordnung"
480bb4ce20a30b85,"Vincent",de,"Okay, ist es in Ordnung, in der Bibliothek zu sprechen?"
0242a6c61222707c,"Vincent",de,"Okay. Danke."
6c622fdc5e60a76f,"Vincent",de,"Ökosystem"
02c9e42440396338,"Vincent",de,"Onkel"
785c0e90b6704239,"Vincent",de,"Onkel Jörg hat einen Bauernhof"
ea11cfe0fcf39b64,"Vincent",de,"Orchester"
871d33d7fbbeda8d,"Vincent",de,"Orientierungspunkt"
ca4f70f8bb359d97,"Vincent",de,"Osten"
8543a91938e64b24,"Vincent",de,"Österreich"
3eec733a62c13882,"Vincent",de,"Otter"
490ac7fffaf1f0a2,"Vincent",de,"Ozean"
fbc604e8e9a3f808,"Vincent",de,"packen"
0257638cbb19bbd9,"Vincent",de,"Paket"
b6739659dc43d732,"Vincent",de,"Panda"
8dc8817891631d67,"Vincent",de,"Papa"
9cf4e32cf8c7d6f6,"Vincent",de,"Papier"
4b191249da6c7769,"Vincent",de,"Park"
4c906401583c6828,"Vincent",de,"Party"
fa629863f0f69a4e,"Vincent",de,"Pass"
f256ca5839c27ce3,"Vincent",de,"passend (zeitlich)"
121e67e830df7502,"Vincent",de,"peinlich berührt"
57cbe70e29af4e48,"Vincent",de,"Pendeln, Arbeitsweg"
4f27e68a6c6fa9cc,"Vincent",de,"Person"
62ed01a7ea6ad6ee,"Vincent",de,"Person, Mensch"
f2d4949c30dfb10a,"Vincent",de,"Personalpronomen"
cfbe22d2057d3b7e,"Vincent",de,"Pferd"
e787bf4cfb338112,"Vincent",de,"Pizza"
2605fbff1f41baf8,"Vincent",de,"Plan"
1453af161c8ec1c8,"Vincent",de,"Platz"
fab446fd01b5d9fe,"Vincent",de,"Pluralbildung"
9cd8133cf44d7c4e,"Vincent",de,"Pochi. Und du, Mika?"
0044fde4601b128f,"Vincent",de,"Polizei"
ae9d5e20889fa336,"Vincent",de,"Possessivpronomen"
d7afc9160def6fb9,"Vincent",de,"Possessivpronomen zeigen, wem etwas gehört: mein(e) (my), dein(e) (your, informal), sein(e) (his), ihr(e) (her), unser(e) (our), euer/eure (your, plural), ihr(e) (their) und Ihr(e) (your, formal)."
667dd8b172ed4c89,"Vincent",de,"Post"
f14f5339bebd7a0b,"Vincent",de,"praktisch"
2745e92f9c9f57e5,"Vincent",de,"Präsens"
620d454c8a93eda1,"Vincent",de,"Preis"
ac321035e939aa6d,"Vincent",de,"Problem"
35aee67a104d8367,"Vincent",de,"Projekt"
d6276fdd18a93f92,"Vincent",de,"Prüfung"
e6e95ed357dd607e,"Vincent",de,"Pullover"
32b251793ed38d1d,"Vincent",de,"Punkt"
5475215157c32928,"Vincent",de,"pünktlich"
cb08580d081dc88d,"Vincent",de,"Puppe"
0cdc189cd39a9857,"Vincent",de,"putzen"
76d9b5c12ddf6db8,"Vincent",de,"Rabatt"
16bca9756d0fd3b6,"Vincent",de,"Radiergummi"
39d020a96a64460c,"Vincent",de,"Radio"
fce0de44dd7dd022,"Vincent",de,"Räume"
6280b9bd839148c0,"Vincent",de,"rechnen"
6fa5feef6c2b61ba,"Vincent",de,"rechtzeitig sein"
2d8b65e1ee2d1c00,"Vincent",de,"reden, sprechen"
a816d970df749e13,"Vincent",de,"Regen"
dbb2927b1c332766,"Vincent",de,"Regenbogen"
c612f0027a1510ec,"Vincent",de,"Regenschirm"
28f78600b5c65494,"Vincent",de,"Regenzeit"
d23f24f930135e1c,"Vincent",de,"reichen, genug sein"
bc5dda2feceae46a,"Vincent",de,"Reise"
47c66d37486f0f0a,"Vincent",de,"Reise-Interview"
d83fedeb26d8d049,"Vincent",de,"Reiseführer"
b9752994d09cd225,"Vincent",de,"reisen"
f12c87a1642cd3dc,"Vincent",de,"Reisen"
5770d701f60f8401,"Vincent",de,"Reisepass"
127de662271d50a7,"Vincent",de,"Reiseziel"
32f922241ce6c0bb,"Vincent",de,"reservieren"
35da29820d369222,"Vincent",de,"Restaurant"
2f094d5e1fba7a8b,"Vincent",de,"richtig"
b6ff5f35c621ea75,"Vincent",de,"Richtung"
f782a1809c322e28,"Vincent",de,"Richtung und Ort: wo / wohin"
b8f2219e266c6de9,"Vincent",de,"Rock"
6eb1f23342751812,"Vincent",de,"Rogen"
d9e8c0cf0f3e8118,"Vincent",de,"Roggen"
95d1f1d3d086eeee,"Vincent",de,"Roller"
5731860427227d79,"Vincent",de,"Rose"
75565d5f644b3bd7,"Vincent",de,"rot"
6a641342909b7bd2,"Vincent",de,"Röte"
5c58022781dfe3ec,"Vincent",de,"Rücken"
b3dbbb29972d15e8,"Vincent",de,"Rudert, rudert"
10447e98e0dc04e7,"Vincent",de,"Rudert, rudert, rudert das Boot"
7474ff55a3c6e9df,"Vincent",de,"Ruf"
77685e84f6ced72c,"Vincent",de,"Rufen Sie den Krankenwagen!"
bab9f253e6593cbc,"Vincent",de,"Ruh dich aus!"
4efa19867cf352e5,"Vincent",de,"Ruhe"
0f4df2513a54faa0,"Vincent",de,"ruhig"
4e3dafca8abfe7b8,"Vincent",de,"Ruhm"
b65e7737fdaa4763,"Vincent",de,"Rumänien"
e969701af07919a5,"Vincent",de,"Rutsche"
cf2f282db6a1a1f4,"Vincent",de,"Sache"
f0a60e901c76ce1c,"Vincent",de,"Saft"
9c5511ca4086305a,"Vincent",de,"sagen"
695155dec1ce3601,"Vincent",de,"Salz"
7ffaccaf61694f7b,"Vincent",de,"salzig"
c9dec923d6e5e61b,"Vincent",de,"Samstag passt mir nicht."
e2c47d12622ccd2a,"Vincent",de,"sanft"
38e5dffceba1daba,"Vincent",de,"sanft den Fluss hinab"
73dfd8917705a09b,"Vincent",de,"sanft, zahm"
808256418250dbbf,"Vincent",de,"Sapporo ist eine der schneereichsten Städte Japans."
ff743ee1536a1100,"Vincent",de,"Sapporo ist kälter als Tokio."
05ac604aefdaf80f,"Vincent",de,"Sapporos Frühling kommt nicht so früh wie der von Tokio, oder?"
b35b80b146c3bc5a,"Vincent",de,"Sapporos Sommer ist kühler als der von Tokio."
1a68cec0c649cce4,"Vincent",de,"sauber, hübsch"
a97046c602979ae4,"Vincent",de,"Säure"
decc5465d9246e8f,"Vincent",de,"Schaf"
b6ee0716f8181fa2,"Vincent",de,"scharf"
a1bc5451dd1a6642,"Vincent",de,"Schau dir diese Aussicht an! Fantastisch!"
61eb167a01d04e0e,"Vincent",de,"scheitern, einen Fehler machen"
786e8a9e00cc7b3f,"Vincent",de,"Schlaf gut!"
fafcc97b680c0183,"Vincent",de,"schlafen, sich hinlegen"
1a50e2cf560735f4,"Vincent",de,"schläfst du noch?"
a06aab1bb6f58f37,"Vincent",de,"Schlaft gut!"
9ab2ef693acea214,"Vincent",de,"Schlank, und nicht sehr groß."
383b69151746590d,"Vincent",de,"schlecht schmeckend"
7f2092ee1ec9b2b6,"Vincent",de,"schlicht"
01e695f5594a7199,"Vincent",de,"Schloss"
6fb55b99ed78a259,"Vincent",de,"Schluss"
ec16a18474972df0,"Vincent",de,"Schlüssel"
4cc054e45fcb88b3,"Vincent",de,"schmerzhaft, schwer zu ertragen"
e81203d562f290d0,"Vincent",de,"schmutzig"
72a19fb00c171696,"Vincent",de,"Schnee"
142fbc808ce4cb43,"Vincent",de,"Schneit es dort auch viel?"
af3a0d311b950dc6,"Vincent",de,"schnell"
b34ef26dad015974,"Vincent",de,"schon"
bc7af315798dacd8,"Vincent",de,"schön"
44a4e37edbfe25b7,"Vincent",de,"Schön! Ist Fahrradfahren sicher?"
4d2c4a85d50b1da5,"Vincent",de,"Schön! Wie viele Personen hat deine Familie?"
e6691f372450d5a8,"Vincent",de,"Schrank"
cdec8f5dc0bcb7e3,"Vincent",de,"Schranke"
2c903c3927dc0b23,"Vincent",de,"Schraube"
7a472dd86ee52af7,"Vincent",de,"Schraubenzieher"
9ed2c90fccd4f9e1,"Vincent",de,"Schreck"
250747584efe6e84,"Vincent",de,"schreiben"
3a3c60d687522a9b,"Vincent",de,"Schreibheft"
7531fa8954c5d8a9,"Vincent",de,"Schreibtisch"
0ff523970b219425,"Vincent",de,"Schreiner"
7d8374c167b49d0d,"Vincent",de,"Schrift"
1e62b22967de22b5,"Vincent",de,"Schriftsprache"
727fbb14eb1b7d01,"Vincent",de,"Schriftsteller"
82e9e9fdf019bf8b,"Vincent",de,"Schritt"
a9faee98cae56d0f,"Vincent",de,"Schrot"
8fcb5819a234eb2d,"Vincent",de,"Schuh"
e103dbf033112683,"Vincent",de,"Schuhe"
edd94984651b9316,"Vincent",de,"Schulclub-Aktivität"
8830d38067d6d82c,"Vincent",de,"Schule"
940559f150c7115b,"Vincent",de,"Schüler"
97e1b05b62edb960,"Vincent",de,"Schulessen"
01b8bbbc5f3ba59b,"Vincent",de,"Schultern"
7e70a617150e1a1b,"Vincent",de,"Schuss"
f2b9b6a8aa63707b,"Vincent",de,"schwach"
f1053c9110f15d4a,"Vincent",de,"Schwamm"
2965c973242abcef,"Vincent",de,"schwanger"
d3a152b4ebef7259,"Vincent",de,"schwarz"
997c4b8334411f2d,"Vincent",de,"schweben"
e83d4c204cf9bfbd,"Vincent",de,"Schweden"
fc60a29f09cf55c9,"Vincent",de,"schweigen"
b55c1bd95a0b5891,"Vincent",de,"Schwein"
e86d1ace55e8884d,"Vincent",de,"Schweinchen"
b5861ff3f274ed44,"Vincent",de,"schwer"
760c090a86e81e17,"Vincent",de,"Schwert"
6337bb9738fb07c1,"Vincent",de,"Schwester"
2ae36f1682670f88,"Vincent",de,"schwimmen"
94dc87b74f120ee4,"Vincent",de,"schwitzen"
6f05dc98e0bcc4fb,"Vincent",de,"schwül"
8e890d196347b34a,"Vincent",de,"Sechs kleine, sieben kleine, acht kleine Finger"
c4ea97f65a17333f,"Vincent",de,"See"
ac5df2bfdaf01b50,"Vincent",de,"sehen"
50767435d6fe09a8,"Vincent",de,"Sehen wir uns ähnlich?"
0574aeda19e9b749,"Vincent",de,"sein (""to be"") wird benutzt, um jemanden oder etwas zu beschreiben oder zu identifizieren: ich bin, du bist, er/sie/es ist, wir sind, ihr seid, sie sind."
d6cd671ee2b7fb44,"Vincent",de,"Sein / Haben"
636dba43e68f15c6,"Vincent",de,"Sein Bett ist sauber."
fde069260d010dde,"Vincent",de,"Sein Tisch ist eng."
d4262db714114068,"Vincent",de,"Seit gestern Abend."
2d8ad57929e5c14b,"Vincent",de,"Seit wann?"
a52e905f370daaa5,"Vincent",de,"Senior/in (ältere/r Mitschüler/in)"
b60636f34ccfe11b,"Vincent",de,"Setz dich hin!"
0d13bbd37446efb5,"Vincent",de,"Setz dich zwischen uns!"
3e36a1955f34e483,"Vincent",de,"sich anstrengen"
bd863facdd937c30,"Vincent",de,"sich anstrengen, sein Bestes geben"
d0ae6518c4c5ed03,"Vincent",de,"sich ausruhen"
d6a247b6479e2df6,"Vincent",de,"sich ausruhen, fehlen"
c3c08dcc7c7bcf43,"Vincent",de,"sich beeilen"
d68c553a6986b065,"Vincent",de,"sich beruhigen"
4bb9df5d68cdeb8f,"Vincent",de,"sich erinnern"
65988ba781fda625,"Vincent",de,"sich fortsetzen"
3b205f6cd2342f3d,"Vincent",de,"sich merken"
326e33e90b58b06c,"Vincent",de,"sich setzen"
638172240f93155e,"Vincent",de,"sich sorgen"
99d3e897b784843e,"Vincent",de,"sich überanstrengen"
e3a093aafa36966f,"Vincent",de,"sich untersuchen lassen"
38cca76efb0ae618,"Vincent",de,"sich verirren"
7d0517c107b68cf5,"Vincent",de,"sich verspäten"
e8963d522651915f,"Vincent",de,"sicher"
017b7d246e6674e5,"Vincent",de,"Sie bestellt eine Suppe."
09494f0fa6f430e3,"Vincent",de,"Sie dehnen ihre Beine."
b0bf5aef7f63d7f0,"Vincent",de,"Sie haben recht. Ich versuche eine E-Mail zu schreiben."
5bcf6933074491a2,"Vincent",de,"Sie haben sich im Vergleich zu vorher verbessert. Sie haben sich angestrengt."
fcb408403c1c5b21,"Vincent",de,"Sie haben starke Finger."
8a6964d7e4e80016,"Vincent",de,"Sie hat drei Katzen."
70b04de95598ab54,"Vincent",de,"Sie hat einen kräftigen Körperbau."
9d96d37edf88452d,"Vincent",de,"Sie hat keine Angst."
77d54dafe14dc258,"Vincent",de,"Sie hat kurze Arme."
6c773f8dac1c87e5,"Vincent",de,"Sie hat kurze Haare."
b26680a4092a341a,"Vincent",de,"Sie hat kurzes Haar."
bbff648e668183e0,"Vincent",de,"Sie hat wenig Zeit heute."
a50d6de17cca7b8f,"Vincent",de,"Sie hat zwei Eier gekauft."
03bf10c4990c97b0,"Vincent",de,"Sie ist dünn."
6675fd7fc2b05f1a,"Vincent",de,"Sie ist Lehrerin. Sie ist sehr freundlich."
86115d6158419c09,"Vincent",de,"Sie ist schlank."
057ea1f6e25b8d5b,"Vincent",de,"Sie kommt aus Amerika."
8aea441fa8cea596,"Vincent",de,"Sie kostet dreißig Euro."
243fbdc8cd849077,"Vincent",de,"Sie lacht nicht."
7dc461deda8ce553,"Vincent",de,"Sie macht das Buch zu."
9679729213467e5a,"Vincent",de,"Sie macht das Frühstück."
ee9976dbe0b6bfd8,"Vincent",de,"Sie reist nach Deutschland."
418c3f84fc880b2f,"Vincent",de,"Sie stehen direkt vor dem gezählten Nomen, ohne Zählwort."
cb32bba648848e8f,"Vincent",de,"Sie steigt in ein Taxi ein."
c93faf181fbd4685,"Vincent",de,"Sie trug blaue Kleidung."
5218c1dd8bd020bf,"Vincent",de,"Sie wirkte wie ein sehr freundlicher Mensch."
b989475419007de4,"Vincent",de,"Sind ihre Augen groß?"
fd1efd16002e756f,"Vincent",de,"Sind Sie Japaner?"
203a205312238533,"Vincent",de,"Slowenien"
129e2fff5e8410c1,"Vincent",de,"Small Talk über das heutige Wetter"
951c3ce02aa39f2d,"Vincent",de,"Socken"
783f423fb5ea4538,"Vincent",de,"Sohn"
70e16b5f98343714,"Vincent",de,"Soll ich mir bei der Arbeit freinehmen?"
2b37691d08f204dd,"Vincent",de,"Sollen wir gehen? Heute ist ein schöner Tag."
08e82c5939b8e3dc,"Vincent",de,"Sollen wir in den Sommerferien irgendwohin reisen?"
fff7f9b046bdfdb9,"Vincent",de,"Sommer"
0aec68095c0152a5,"Vincent",de,"Sonderangebot"
47afb6516be7d6bf,"Vincent",de,"Sonne"
cd9687a11e5aa9f0,"Vincent",de,"Sonnenlicht"
1e13b3e2a95d0953,"Vincent",de,"sonnig"
210f37ea391d95e3,"Vincent",de,"Sonntag geht! Welche Uhrzeit passt dir?"
dc32d6319ad11734,"Vincent",de,"Soße"
dda30810c9b65bac,"Vincent",de,"Spannung"
81411da1c36a3e4f,"Vincent",de,"Spaß"
ced5af9a2cf143f6,"Vincent",de,"spät"
68d9d870eb847ce1,"Vincent",de,"später"
b6b89da68461d522,"Vincent",de,"spazieren"
d2ef357e10fadca4,"Vincent",de,"spazieren gehen"
eeb463370eaef774,"Vincent",de,"Speisekarte"
f4f231b994607202,"Vincent",de,"Spiegel"
e1cadbd5034897b0,"Vincent",de,"Spiel"
9d8f1fa0f14adfce,"Vincent",de,"spielen"
e1918204eed001de,"Vincent",de,"Spinne"
655a4394cf294311,"Vincent",de,"Spitze"
d421d093b6701b11,"Vincent",de,"Sport"
9d205a5b192c46bd,"Vincent",de,"Sprache"
7cc954a3c1b155ce,"Vincent",de,"sprechen"
0f87a66c8cc2c49f,"Vincent",de,"Sprechen Sie Deutsch?"
83c85339ff78a533,"Vincent",de,"Spruch"
99933822a9a243a7,"Vincent",de,"Spülmaschine"
f9fa4dddcb4bb4d7,"Vincent",de,"spüren"
9e43c031e455b818,"Vincent",de,"Staatsangehörigkeit"
4350c2fa10f8cbd0,"Vincent",de,"Stadt"
2c65a2f1ab8a8e21,"Vincent",de,"Städte"
f07d79fd71b1a78b,"Vincent",de,"stark"
0450e26748170d33,"Vincent",de,"Stau"
1617304cf2eafb90,"Vincent",de,"Steg"
6923c60b17d286b0,"Vincent",de,"stehen"
6b24b96fd7106d6c,"Vincent",de,"Steht das Adjektiv aber direkt vor einem Nomen, bekommt es eine Endung, die zum Geschlecht des Nomens passt: ein großer Mann (maskulin, -er), eine schlanke Frau (feminin, -e), ein kleines Kind (neutral, -es)."
3e1ec37667b26302,"Vincent",de,"Stein"
b2066e285b0c3f45,"Vincent",de,"Stell dich vor die Tür!"
1abc019b8932e542,"Vincent",de,"stellen"
c6bd3d3c6eeb86fb,"Vincent",de,"Stern"
8ccac0cc0af728c2,"Vincent",de,"Stimme"
47ff4fd42874a9e9,"Vincent",de,"Stimmt. Der Herbst gefällt mir am besten."
a1c2b03bd615d239,"Vincent",de,"Stimmt. Ich wähle einen warmen Mantel."
a53b6cc3cc63ca9e,"Vincent",de,"Storch"
99e6be3a5eb6b267,"Vincent",de,"Stoßzeit"
9854fdbba50ec901,"Vincent",de,"Strand"
a7118ebe23f9de50,"Vincent",de,"Straße"
96923b7afe2581af,"Vincent",de,"Straße, Weg"
2839c7f796d80daf,"Vincent",de,"strecken"
448af293f058ec00,"Vincent",de,"streng"
d91b361573a9b634,"Vincent",de,"Stress"
53a1a09dce8c078f,"Vincent",de,"Strom"
730e8cd9ffb37d1d,"Vincent",de,"Strom, Licht"
1089d791408836d3,"Vincent",de,"Strumpf"
a0efea289b602aee,"Vincent",de,"Stück"
4ea408f88b85ab38,"Vincent",de,"Student"
8ba94b22e5a5aaa5,"Vincent",de,"Student(in), Schüler(in)"
e7c7e067efc8187f,"Vincent",de,"Student/in"
1ee760651c662e49,"Vincent",de,"Stuhl"
ec60b59a3b3e950e,"Vincent",de,"Stunde"
c29da0b142211eb8,"Vincent",de,"Sturm"
435d495933e268c7,"Vincent",de,"suchen"
ee4be6878435356a,"Vincent",de,"Süden"
d70fcb047ad6a12f,"Vincent",de,"Sumpf"
a02545347e88ff5d,"Vincent",de,"Supermarkt"
997effe66eca1486,"Vincent",de,"Suppe"
4c42484a55497432,"Vincent",de,"Sushi"
0243f6954b2e7ada,"Vincent",de,"Sushi und Suppe, bitte."
7db96853c88ac032,"Vincent",de,"süß"
0fc7d61fa0d3923a,"Vincent",de,"süß, niedlich"
ebbbf36eb603a976,"Vincent",de,"Tafel"
c4fd8e1eab37905a,"Vincent",de,"Tag"
876a01b40aed7615,"Vincent",de,"Taifun"
26426fd5e25272af,"Vincent",de,"Tal"
bde23f4e60434dd7,"Vincent",de,"Tante"
04142b4e4789471f,"Vincent",de,"Tasche"
cadd512dfef2474c,"Vincent",de,"Tasche, Tüte"
1815b8670538a5c8,"Vincent",de,"Taxi"
db8d4fc6f8da2a5e,"Vincent",de,"Technik"
bbdc3bbf5e6a7cc8,"Vincent",de,"Techniker"
638e2295250fc778,"Vincent",de,"Tee"
fa63852d83bfb443,"Vincent",de,"Tee, bitte."
f69abe4ed93fe691,"Vincent",de,"Teich"
28eb02b2749fd83d,"Vincent",de,"Teig"
a031dac0a889cfdf,"Vincent",de,"telefonieren"
364fd0179a4071d0,"Vincent",de,"Temperatur"
636dc67c1abd639c,"Vincent",de,"Test"
46b286c7d35d7c84,"Vincent",de,"teuer"
61058e65c96092be,"Vincent",de,"Thailand"
18a7e6d6c9a374e4,"Vincent",de,"tief"
d762b66d6352342c,"Vincent",de,"Tier"
5c7c72d499093d97,"Vincent",de,"Tiere"
a77ce12333256c2a,"Vincent",de,"Tisch"
8d0f369eb8d76eb1,"Vincent",de,"Tochter"
bb8cd86d94bc581f,"Vincent",de,"Toilette"
77c2a84e44a5bbd5,"Vincent",de,"Tokio hat eine höhere Luftfeuchtigkeit."
a4f3dc835abf3c70,"Vincent",de,"Tokios Sommer ist heiß und schwül, nicht wahr?"
738de66d478fe54f,"Vincent",de,"Tomate"
bb330232c1e1cac0,"Vincent",de,"Ton"
090498da8ccf34a7,"Vincent",de,"tragen"
ab26b5ac40ed1dbe,"Vincent",de,"tragen (Beine, Schuhe)"
ac64e673990778a1,"Vincent",de,"tragen (Brille)"
eab50761be74535a,"Vincent",de,"tragen (Kleidung)"
65bb6f57c52643f4,"Vincent",de,"tragen (Oberkörper)"
6b9c6a3425f8358d,"Vincent",de,"Träger"
61d8c07bf1fb5abf,"Vincent",de,"Trägst du eine Brille?"
c27ae46558d10b52,"Vincent",de,"Trägt sie eine Brille?"
8149ddb418add335,"Vincent",de,"trainieren"
3257b6309a47f8a6,"Vincent",de,"Träne"
05b1f945b7cdd773,"Vincent",de,"Tränen"
59c05908dae9dca1,"Vincent",de,"traurig"
1a75362345dc51e3,"Vincent",de,"treffen"
6c850e5d2db22751,"Vincent",de,"Trennbare Verben: eine Einführung"
353f16d76e3d90b2,"Vincent",de,"trinken"
c83ee9e8360bf602,"Vincent",de,"Trinkst du auch Tee?"
c7362f85144befb3,"Vincent",de,"trocken"
60b66f0c7aa6a794,"Vincent",de,"Trog"
7c274ebbf99c02d0,"Vincent",de,"Trommel"
aafbf00bf7ee90db,"Vincent",de,"trösten"
56bb9d671aed8553,"Vincent",de,"Trott"
b9ce6f66e6e7e39d,"Vincent",de,"Trotz"
c7372221be7e4300,"Vincent",de,"Trumpf"
4ea109dffe4cf01e,"Vincent",de,"Tunesien"
add664724ad99cae,"Vincent",de,"Tür"
e593856a44f56c91,"Vincent",de,"Turnhalle"
1540f766d03f7f8a,"Vincent",de,"Tut es noch weh?"
526138ac3023f1b4,"Vincent",de,"Tut noch etwas anderes weh?"
095cb5b24084926b,"Vincent",de,"tut weh"
c4315c4e395f6cea,"Vincent",de,"U-Bahn"
e89e4bbaa7140334,"Vincent",de,"Über die Arbeit auf einer Party sprechen"
1015b0ec02b9ac33,"Vincent",de,"Über einen schwierigen Kollegen klagen"
236d1ccf9621f7cc,"Vincent",de,"Über Hausaufgaben mit einem Klassenkameraden sprechen"
72c6d046bf648b36,"Vincent",de,"überfüllt"
59f68903b75eda2b,"Vincent",de,"überfüllt sein"
050f4c564293b39f,"Vincent",de,"übernachten"
78a120fffd3eea32,"Vincent",de,"überqueren"
b1c474631e1a5ca4,"Vincent",de,"Überstunden"
146ba5c1679643e5,"Vincent",de,"Übung"
2c21ccb91b7e3a05,"Vincent",de,"Übung: Adjektive"
746fc5e12c482b54,"Vincent",de,"Übung: dieser / das ... da"
b4376568263ba911,"Vincent",de,"Übung: haben"
c1e9375d0cab219e,"Vincent",de,"Übung: Imperativ"
a13f49b9db0dde98,"Vincent",de,"Übung: Komparativ"
a3dd8259cf8ade9c,"Vincent",de,"Übung: mit / einsteigen / aussteigen"
50d7c72a793a7dbb,"Vincent",de,"Übung: nicht / kein"
811cea43600ace5b,"Vincent",de,"Übung: Nominativ und Akkusativ"
ae81e23923c215e9,"Vincent",de,"Übung: Personalpronomen"
043313f030cc8a18,"Vincent",de,"Übung: Pluralbildung"
5c758a4c0c3506a5,"Vincent",de,"Übung: Possessivpronomen"
f7201fc285042b55,"Vincent",de,"Übung: Präsens"
02e04854f9bb6bae,"Vincent",de,"Übung: sein"
5c731b34e90d0c53,"Vincent",de,"Übung: Superlativ"
3d6529126314723b,"Vincent",de,"Übung: Trennbare Verben"
612361d3bcf22f9e,"Vincent",de,"Übung: Wechselpräpositionen"
b1753e434f773ff1,"Vincent",de,"Übung: Wetter vergleichen"
728201d82ba7bba9,"Vincent",de,"Übung: wo / wohin"
56536b66656e7371,"Vincent",de,"Übung: woher / aus"
a360e9a8ac392ead,"Vincent",de,"Übung: Zahlen und Mengenangaben"
77a6fbb0e8ab13d7,"Vincent",de,"Übung: Zeitpräpositionen"
eb4104cbd3a24592,"Vincent",de,"Ufer"
a82528131a4421c1,"Vincent",de,"Uhr"
1e549bdec7078c49,"Vincent",de,"Um das Verkehrsmittel anzugeben, benutzt man mit + Dativ: mit dem Zug, mit dem Bus."
4780d312eea969df,"Vincent",de,"Um neun Uhr beginnt die Besprechung."
82093e886312b2ab,"Vincent",de,"um steht bei Uhrzeiten (um neun Uhr)."
11167d07d3c79b98,"Vincent",de,"Um wie viel Uhr beginnt sie?"
ad072a300cf8928c,"Vincent",de,"Umkleidekabine"
ca1389cfe50a06a9,"Vincent",de,"umsteigen"
74f07bdf205d2db3,"Vincent",de,"umtauschen"
bfb8c811aa074d4b,"Vincent",de,"und"
1a116fb90b980d6d,"Vincent",de,"Und auf dem Hof, da hat er einen Hund"
d916b04a2896e1a8,"Vincent",de,"Und dann geradeaus?"
0308c2a96569e81f,"Vincent",de,"Und dein Rücken?"
1a346efe47fca2f3,"Vincent",de,"Und die Beine? Sind sie ungefähr gleich lang?"
681ac17d53bd463e,"Vincent",de,"Und etwas zu trinken?"
7bdd7b68062a5af0,"Vincent",de,"Und Ihr Bauch?"
d9f379559cb8c8de,"Vincent",de,"Und Ihre Finger?"
5abe9f751d57d926,"Vincent",de,"Und Sonntag?"
f1fe6a28e04bcec7,"Vincent",de,"Und was ist mit diesem Buch?"
1293140f59980061,"Vincent",de,"Und was machen Sie beruflich, Riku?"
476bc1232d07b3c2,"Vincent",de,"Und wie ist es bei dir zu Hause, Mika?"
f0f344b6134ba43f,"Vincent",de,"Und wie ist es im Sommer?"
e1ccc1f02399bb9a,"Vincent",de,"Und wie wäre es mit diesem Pullover?"
ecc36a27cb0edf9b,"Vincent",de,"Und zum Abendessen?"
9d3d5ba2df0bc563,"Vincent",de,"Unfall"
7555fe74d739eb1f,"Vincent",de,"Ungefähr dreißig Minuten."
fa2ee5fcae555031,"Vincent",de,"Ungefähr einmal im Jahr."
43616bc71c0950ee,"Vincent",de,"Universität"
b9bdb3d5f0ad2dce,"Vincent",de,"unpassend (zeitlich)"
a99f285d49f9624d,"Vincent",de,"Unser Fenster ist hell."
86db2739e5da18e3,"Vincent",de,"Unterricht"
f8e2cbad603edc1a,"Vincent",de,"unterrichten"
1a8236a59e877175,"Vincent",de,"Urlaub"
26db6f5304c160bf,"Vincent",de,"Ursache, Grund"
551bff9929fc40fa,"Vincent",de,"Usbekistan"
b395a75e74fc55a8,"Vincent",de,"Vanille"
26e098d940774c9b,"Vincent",de,"Vase"
8b5a223bdea500fa,"Vincent",de,"Vater"
f0cd24d09ce6a1ea,"Vincent",de,"Väter"
0ebd77799e9848e7,"Vincent",de,"Verabredung"
518803d765ee4496,"Vincent",de,"Veranda"
670374ed9431e2a1,"Vincent",de,"Verantwortung"
2c793e4bbd31a3ff,"Vincent",de,"Verband"
8756015d62fb8842,"Vincent",de,"Verband, Pflaster"
e39919c61353ee7b,"Vincent",de,"verboten"
dd0de1a3cdc5cebc,"Vincent",de,"Verein"
0aef9643e305ebac,"Vincent",de,"vergessen"
a5146607a1557237,"Vincent",de,"Vergiss auch deinen Reisepass nicht."
51622e7a217ebd1e,"Vincent",de,"Vergiss auch nicht deinen Bleistift."
fb353aa4843ad199,"Vincent",de,"vergleichen"
d970d5bde07957a1,"Vincent",de,"Vergnügen"
d5bc134b8b8549ad,"Vincent",de,"verkaufen"
bcdcfbe7b671b775,"Vincent",de,"Verkäufer(in)"
d622056df29648e2,"Vincent",de,"Verkehr"
a48f545904e1c804,"Vincent",de,"Verkehr (allgemein)"
1d80a0e2b92ef996,"Vincent",de,"Verkehrsmittel: mit / einsteigen / aussteigen"
b02dfab1ee7afa87,"Vincent",de,"verlassen"
102603d0d35934b3,"Vincent",de,"verleihen"
6e3b698c0903af19,"Vincent",de,"Verletzung"
fd9f9c6fc8983664,"Vincent",de,"verlieren"
651f4c23e07b2681,"Vincent",de,"Verneinung: nicht / kein"
6d55f33d955b1dfc,"Vincent",de,"verspätet"
3b383d028e00e05d,"Vincent",de,"Verstanden."
29caeb0c141e3ae0,"Vincent",de,"Verstanden. Bar oder Karte?"
2b7e7f35758b61b6,"Vincent",de,"Verstanden. Darf ich morgen wieder ins Krankenhaus kommen?"
ecbc2fcd42a2bf87,"Vincent",de,"Verstanden. Die Luftfeuchtigkeit ist auch hoch, oder?"
56d708c0e0a5d492,"Vincent",de,"Verstanden. Einen Moment bitte."
b0dca79d7d07b3d8,"Vincent",de,"Verstanden. Ich biege an der Ampel rechts ab."
2c5f665f7a32721a,"Vincent",de,"Verstanden. Ich trage schwarze Kleidung und bin groß."
75b1ca00ff997acc,"Vincent",de,"Verstanden. Ich verschreibe Ihnen ein Medikament."
161e9340412bfd8b,"Vincent",de,"Verstanden. Ich warte am Ausgang."
e9b93cda916a8889,"Vincent",de,"Verstanden. Ich werde auch versuchen, nicht zu spät zu kommen."
824060b737532e6a,"Vincent",de,"Verstanden. Sei nicht zu spät."
0118797162b5839a,"Vincent",de,"Verstanden. Und Dienstag?"
e9552110a0cff58b,"Vincent",de,"Verstanden. Vielen Dank im Voraus."
8ba0d59e6355f7ea,"Vincent",de,"Verstanden. Vielen Dank."
22a102f184473ac2,"Vincent",de,"Verstehe. Bitte nehmen Sie dieses Medikament."
8fd15dd10039a589,"Vincent",de,"Verstehe. Das ist hart."
6151bc8f634df6c2,"Vincent",de,"Verstehe. Du magst also Nachtisch."
12820597504699e9,"Vincent",de,"Verstehe. Geht es deinem Großvater gut?"
53a6d383922c8cea,"Vincent",de,"Verstehe. Gute Reise!"
073032740f6b67c6,"Vincent",de,"Verstehe. Jetzt habe ich alles verstanden."
53463e8ddf923170,"Vincent",de,"Verstehe. Sind Sie beschäftigt?"
ead4155082fe83f4,"Vincent",de,"verstehen"
a3694e8f19d571cd,"Vincent",de,"Vertrag"
23ddab7630c75fe9,"Vincent",de,"vertrauen"
9b32a016985d9f16,"Vincent",de,"verwechseln"
c3474f4870cb316a,"Vincent",de,"Veteran"
ef8ffca824bb6ede,"Vincent",de,"Video"
007b56fefae10f71,"Vincent",de,"Vieh"
a52e0f6938ebad07,"Vincent",de,"viel"
e645bba71042f1d0,"Vincent",de,"viel(e)"
301ce08ad4a568c2,"Vincent",de,"Viele deutsche Verben haben ein trennbares Präfix (auf-, an-, mit-, ab-, vor- usw.)."
9aeccd2cf16eeb3f,"Vincent",de,"Vielen Dank!"
25e4d525e9d25f21,"Vincent",de,"vier"
45c2ec1e79a05d2d,"Vincent",de,"Vier kleine, fünf kleine Finger"
83464c0aec2512b5,"Vincent",de,"Vier Personen. Mein Vater, meine Mutter und mein jüngerer Bruder."
100e3a579a0f0f64,"Vincent",de,"Vietnam"
96e4b2d1fb5f36dd,"Vincent",de,"Villa"
45abe15fa67a058e,"Vincent",de,"Violine"
6ada88040f736a06,"Vincent",de,"Virus"
78d45319bd8340d0,"Vincent",de,"Visitenkarte"
e52e935dd7b8ce2f,"Vincent",de,"Visum"
b4c2f7115442ec55,"Vincent",de,"Vitamin"
25b88a3445eb9607,"Vincent",de,"Vogel"
fb4574897f173e3e,"Vincent",de,"Vokal"
d72ada378d963ac8,"Vincent",de,"Volk"
9157e7f68654c23f,"Vincent",de,"voll"
171ea35cfeb87b19,"Vincent",de,"vollständig"
0bd58cb09731621a,"Vincent",de,"von"
1ca369ef417e043c,"Vincent",de,"Von deinem Kopf, von deinem Kopf"
106aa4eac920a76d,"Vincent",de,"vor"
9960ad5bb81e0739,"Vincent",de,"Vor dem Bahnhof rechts, verstanden."
915be8f617fa842a,"Vincent",de,"Vor der Besprechung bereite ich mich vor."
7e1880a3df1326f4,"Vincent",de,"vor und nach beschreiben ""before""/""after"" einer Zeit oder eines Ereignisses."
e6c0b1476e0d3bdc,"Vincent",de,"vorbei"
067fa7d9a2349eb8,"Vincent",de,"vorbereiten"
69efeed5877d5fa5,"Vincent",de,"Vorfahrt"
e8982626ba80b8eb,"Vincent",de,"Vorhang"
39d3920f8301b757,"Vincent",de,"Vormittag"
3390ee5ff807db9b,"Vincent",de,"Vorname"
19e360e3e90df311,"Vincent",de,"vorne"
8b53c0209f68ba1e,"Vincent",de,"Vorschlag"
46a401434774a005,"Vincent",de,"Vorsicht"
a335e522ed9d5b88,"Vincent",de,"vorstellen"
193c307e9cb44ff1,"Vincent",de,"Vorteil"
9bc3bf2d9e50f738,"Vincent",de,"vorwärts"
eabcd91f9c0c07e6,"Vincent",de,"vorwärtsgehen"
d7079aad217a427d,"Vincent",de,"Vulkan"
e2a82592ac4d0dee,"Vincent",de,"W-Fragen benutzen ein Fragewort wie woher (wo + her, ""von wo""), was, wer, wann oder wie, ebenfalls mit Verb an zweiter Stelle: Woher kommen Sie?"
3d0c5e3f7af756f6,"Vincent",de,"W-Fragen und Herkunft: woher, aus"
db2272040c6c6716,"Vincent",de,"wach"
61e633e1dd0ab51a,"Vincent",de,"Wächter"
b91bcac87c272b3a,"Vincent",de,"Wagen"
6de8b61e4ecea4a5,"Vincent",de,"Wahl"
9890f1b7b69e5404,"Vincent",de,"während"
81ab5afe2a5bd20c,"Vincent",de,"Wahrscheinlich um die zwanzig. Sie ist jung."
0c2f0d296e31d51c,"Vincent",de,"Wald"
5dab8be0e8015603,"Vincent",de,"Wäldchen, Gehölz"
883e44060aad1b2a,"Vincent",de,"Wälder"
2b14c9894f7fe592,"Vincent",de,"Wand"
9187071db922e74d,"Vincent",de,"Wände"
679f2980b4c9b376,"Vincent",de,"wandern"
55b3429ae61366cc,"Vincent",de,"Wann bereiten wir uns vor?"
49952252d9b32af2,"Vincent",de,"Wann können wir uns als Nächstes treffen?"
e05b874fd39fde91,"Vincent",de,"Wann sind Sie nach Japan gekommen?"
5d9582aa3e7bcdcd,"Vincent",de,"Wäre es besser, mit dem Taxi zu fahren?"
b63b563f3b8ef05d,"Vincent",de,"warm"
9b3e3698f32eb193,"Vincent",de,"Wärme"
d99f6d0d839f43d6,"Vincent",de,"Warnung"
cbf7bf16d1f7eee9,"Vincent",de,"warten"
fd18178ba2460dd8,"Vincent",de,"Wärter"
89939e18adcc2b24,"Vincent",de,"Warum hast du nicht geschlafen?"
ab439edf283235d4,"Vincent",de,"Warum ist es hier?"
efa2bd46cfed3288,"Vincent",de,"Warum?"
c1960fb314f8c72c,"Vincent",de,"Was fehlt Ihnen?"
e64be82d1c3005e8,"Vincent",de,"Was für ein Hund war es?"
50a81bae9db97ae1,"Vincent",de,"was für ein(e)"
fb6a410bc0853190,"Vincent",de,"Was für eine Arbeit machen Sie?"
51a5cb3688719166,"Vincent",de,"Was für eine Party ist es?"
ca83c7f6ece5a0f8,"Vincent",de,"Was für eine saubere Küche."
64c5124a26372316,"Vincent",de,"Was gefällt Ihnen an der japanischen Kultur?"
b2fe83ff50ec1411,"Vincent",de,"Was gefällt Ihnen an der Kultur?"
93c9593f3f0bd0ed,"Vincent",de,"Was isst du jeden Morgen?"
f33193622f6c8bf7,"Vincent",de,"Was ist heißer, Tokio oder Osaka?"
f9b217c99d5b77b1,"Vincent",de,"Was ist Ihre Staatsangehörigkeit?"
bc8da850bad096a8,"Vincent",de,"Was ist im Obergeschoss?"
df63a843853231dd,"Vincent",de,"Was ist kälter, Tokio oder Sapporo?"
8b53f71297e94bea,"Vincent",de,"Was ist los?"
de1b4e9fc61a93dc,"Vincent",de,"Was ist mit Schuhen?"
76de4e716a137c86,"Vincent",de,"Was ist passiert?"
1e5d7cb7321e9a18,"Vincent",de,"Was macht dein Vater beruflich?"
650dc734283c0cd9,"Vincent",de,"Was mögen Sie lieber, Berge oder Meer?"
06aba6b0c7ffd915,"Vincent",de,"Was soll ich zur heutigen Party anziehen?"
a3e6ff250ecb8c11,"Vincent",de,"waschen"
b397ea1083f9b1e1,"Vincent",de,"Wasser"
f9a0b660483ceb57,"Vincent",de,"Wechselgeld"
34405c1b44082e85,"Vincent",de,"Wechselpräpositionen (in, an, auf, unter, über, vor, hinter, neben, zwischen) stehen mit Dativ, wenn sie einen festen Ort beschreiben (wo?), und mit Akkusativ, wenn sie eine Bewegung zu einem Ziel beschreiben (wohin?) — dieselbe wo/wohin-Unterscheidung wie in Lektion 11, jetzt sichtbar an der Endung der Präposition selbst."
154d1be634119049,"Vincent",de,"Wechselpräpositionen (Ort)"
edfc57442e20177e,"Vincent",de,"wecken"
80b5cce4cb7a5324,"Vincent",de,"Weg"
eb1cb0e0aba92dfd,"Vincent",de,"Wegbeschreibung"
6c6a99c32a48e7f0,"Vincent",de,"wehtun (Adjektiv, verbal gebraucht)"
02f36586887609a2,"Vincent",de,"wehtun, schmerzen"
ee5de7031f8a75ce,"Vincent",de,"Weil die Berge ruhiger sind als das Meer."
c318de23539a4bd8,"Vincent",de,"Weile"
2a446e8f0212a3a1,"Vincent",de,"Wein"
3de52cc732cef455,"Vincent",de,"weinen"
8a6510b713b3652f,"Vincent",de,"weiß"
bd1b6f1d35f53195,"Vincent",de,"weit"
e4f23fa6ad01486a,"Vincent",de,"weit entfernt"
7bc49e543012f9b7,"Vincent",de,"weit, geräumig"
9232bbd11c7a012d,"Vincent",de,"Weizen"
046c67e778cc05ff,"Vincent",de,"welche"
2fb0c29b016a07f1,"Vincent",de,"Welche Aufgabe verstehst du nicht?"
65e38881824292c4,"Vincent",de,"Welche Farbe hat deine Kleidung?"
ccc711571642a0a7,"Vincent",de,"Welche Jahreszeit gefällt Ihnen am besten?"
b1a8df63a5e723ed,"Vincent",de,"Welche Sprachen sprechen Sie?"
085b41b0f1e6fa11,"Vincent",de,"Welcher Teil ist schwierig?"
2e5f094a67a84ae1,"Vincent",de,"Welches Gepäck sollen wir mitnehmen?"
fc7eac9a131b64e8,"Vincent",de,"Welt"
d4e16e7068d42525,"Vincent",de,"Wende"
37c7be52f71e1473,"Vincent",de,"wenig"
6996c406680771c0,"Vincent",de,"wenig(e)"
71336c3197072dcf,"Vincent",de,"Wer wohnt bei dir zu Hause, Ken?"
d79d797b397fcce9,"Vincent",de,"werden"
4ba624819887c1fb,"Vincent",de,"Werk"
0a53742b1ed35a76,"Vincent",de,"Werkzeug"
71dee1f682b3e9ca,"Vincent",de,"Wessen Schlüssel ist das?"
fdc430f32db9a3b4,"Vincent",de,"Westen"
f3fc6e55143a5f14,"Vincent",de,"Wetter"
7033b2a76b2ecdcc,"Vincent",de,"Wetterbericht"
54405f99dc602f96,"Vincent",de,"Wettervorhersage"
67140e04e1ad852a,"Vincent",de,"wichtig"
c5bead7a03dcc61d,"Vincent",de,"Wie alt ist dein jüngerer Bruder jetzt?"
0d1d490f84eddc51,"Vincent",de,"Wie alt ist deine Tochter?"
6dccf22506c7c2b8,"Vincent",de,"Wie alt ist sie ungefähr?"
fda4bd38c1414691,"Vincent",de,"wie ein Diamant am Himmel"
45cbc385dfee8e32,"Vincent",de,"Wie heißt die Hauptstadt?"
52d623e76c2182f8,"Vincent",de,"Wie hieß er?"
8079eed98c7d778c,"Vincent",de,"wie ich mich frage, was du bist"
7bc09da22b6dce4d,"Vincent",de,"Wie ist er?"
b5d0e13ad91c3918,"Vincent",de,"Wie ist sie?"
635cc201ffe7da2e,"Vincent",de,"Wie kommst du jeden Morgen zur Arbeit?"
80f9d8be37b032b0,"Vincent",de,"Wie lange dauert dein Arbeitsweg?"
8b8d958f01c8bd6a,"Vincent",de,"Wie lange dauert es zu Fuß?"
0264451b912475c0,"Vincent",de,"Wie oft waren Sie schon in Japan?"
a8aa17dd08677d2c,"Vincent",de,"Wie sieht es aus? Vielleicht etwas eng."
fe7047994fb79307,"Vincent",de,"Wie soll ich gehen?"
7e671d18a0a7cada,"Vincent",de,"Wie süß. Wie heißt er?"
55b0121d57027a13,"Vincent",de,"Wie viel kostet das?"
5c6c7e72a9cb5753,"Vincent",de,"Wie viel kostet diese Tasche?"
a06e5fe0de3081dc,"Vincent",de,"Wie viele Tage sind wir geplant zu bleiben?"
f03f720098916d6e,"Vincent",de,"Wie war ihr Körperbau?"
a3bc10d0d4a917e9,"Vincent",de,"Wie wäre es am Wochenende?"
30f4281963ff6e06,"Vincent",de,"Wie wäre es mit dem Kleid dort?"
243e522a6d3805b8,"Vincent",de,"Wie wäre es mit einem Kleid in gedeckter Farbe?"
f47727b0eb2df8b5,"Vincent",de,"Wie wäre es um 15 Uhr nachmittags?"
e85770e071486776,"Vincent",de,"Wie wäre es vor dem Bahnhof?"
7942ed37c304d33e,"Vincent",de,"Wie waren meine Noten bei dieser Prüfung?"
46636e8d888cabff,"Vincent",de,"Wiese"
9d84ed0a50fd09f2,"Vincent",de,"Willkommen! Suchen Sie etwas Bestimmtes?"
1c13d736213403b4,"Vincent",de,"Willkommen. Wie viele Personen?"
51c5e19c9b7c7769,"Vincent",de,"Wind"
d7e9eed62ff08025,"Vincent",de,"Winter"
3078de9d5c4277dd,"Vincent",de,"Wir beginnen das Projekt."
4be1a65e5b568195,"Vincent",de,"Wir bereiten uns auf die Prüfung vor."
ba98d0049d14ecf4,"Vincent",de,"Wir beugen unsere Knie."
8b51e098d2c7fad1,"Vincent",de,"Wir bewegen unsere Arme."
b37578ee3d010f7c,"Vincent",de,"Wir bezahlen im Restaurant."
b44c7811a6649bfa,"Vincent",de,"Wir brauchen viele Taschen."
d1e47dea026df4fb,"Vincent",de,"Wir fahren nach Berlin."
5dbfcc279fd2265f,"Vincent",de,"Wir fahren zum Bahnhof."
0218c054c52beb94,"Vincent",de,"Wir haben drei Pferde."
5a3651d7009de9b5,"Vincent",de,"Wir haben ein Haustier."
2cc27337da4e5159,"Vincent",de,"Wir haben eine Katze."
d02e245f544fd1a2,"Vincent",de,"Wir haben endlich den Gipfel erreicht."
e4154bb9a8c8a18c,"Vincent",de,"Wir haben fünf Yen Rabatt bekommen."
6cfb13d48ad41534,"Vincent",de,"Wir haben keine Tränen mehr."
194dddde642fc28f,"Vincent",de,"Wir haben wenig Geld."
742849c62c8c111f,"Vincent",de,"Wir haben zwei Hunde."
d94a2ed23617a499,"Vincent",de,"Wir hören um vier Uhr auf."
5d4496f7b6a749ee,"Vincent",de,"Wir kommen aus Großbritannien."
689823446b3ec562,"Vincent",de,"Wir machen die Tür auf."
e8b29918c3840b21,"Vincent",de,"Wir reisen nach Berlin."
1febac7f47294f72,"Vincent",de,"Wir sehen zwei Pandas."
2867d992cec528da,"Vincent",de,"Wir sind gleich beim Bahnhof."
1994272937f940eb,"Vincent",de,"Wir sind nicht wütend."
32b510c9a84f30de,"Vincent",de,"Wir sind Studenten."
ec36397eff3482d2,"Vincent",de,"Wir sollten auch ein Hotel reservieren."
094ea4759bd6a9a7,"Vincent",de,"Wir steigen am Bahnhof aus."
d3d8ca768513a161,"Vincent",de,"Wir steigen in einen anderen Bus um."
9c34c3a56d57f8e1,"Vincent",de,"Wir trinken Wasser."
059d777223b440e0,"Vincent",de,"Wir üben zusammen Wortschatz, Grammatik und einen kurzen Dialog."
faf2a913595c5bfe,"Vincent",de,"Wir waschen unsere Hände."
a9392135ed260fbe,"Vincent",de,"Wir weinen nicht mehr."
54528c4a10f54bd0,"Vincent",de,"Wirklich? Danke."
d9d357bbe3d73be2,"Vincent",de,"Wirklich? Das möchte ich probieren!"
e67159df79e96541,"Vincent",de,"Wirklich? Er sieht meinem ähnlich."
d7408f7561b13c90,"Vincent",de,"Wirklich? Ich muss einen Regenschirm mitnehmen."
9c918e9b447a6670,"Vincent",de,"Wirklich. Da Japan von Nord nach Süd lang gestreckt ist, ist auch das Wetter sehr unterschiedlich."
7d76513466783652,"Vincent",de,"Wirklich. Es ist wärmer als gestern."
c2bf986a77485a7d,"Vincent",de,"Wirtschaft"
bd0bc722a748704e,"Vincent",de,"wo fragt nach einem festen Ort (Antwort im Dativ: im Hotel)."
e1425b8decb3ed3c,"Vincent",de,"Wo in Großbritannien?"
63a624b02a5052b4,"Vincent",de,"Wo isst du zu Mittag?"
d974cfd2326d293a,"Vincent",de,"Wo ist das Hotel?"
76249dd564e250c6,"Vincent",de,"Wo ist dein Büro?"
631767559ea4f8af,"Vincent",de,"Wo ist der Bahnhof?"
7f4d2e8bdc35b81e,"Vincent",de,"Wo ist der höchste Berg in Japan?"
1b72e8927a3432d2,"Vincent",de,"Wo ist der Park?"
9d03f55cead0a5ef,"Vincent",de,"Wo ist euer Stuhl?"
ea2fba45d4791563,"Vincent",de,"Wo ist mein Reisepass?"
558baa34d68d69f6,"Vincent",de,"Wo lebt Ihre Familie?"
3b32532a0225af68,"Vincent",de,"Wo sind Sie geboren?"
37824388c396f2ce,"Vincent",de,"Woche"
8aaf55727768dc51,"Vincent",de,"Wochenende"
7c59240c2fcabd3f,"Vincent",de,"Wochentag"
438fcf7c02e80638,"Vincent",de,"Woher kommen Sie, Tom?"
eb2be743711a13ca,"Vincent",de,"Woher kommen Sie?"
be132e801356838f,"Vincent",de,"Wohin bringst du den Koffer?"
c53dac31bec642fa,"Vincent",de,"Wohin fährst du?"
69dba0ccc8609307,"Vincent",de,"wohin fragt nach einer Richtung oder einem Ziel (Antwort im Akkusativ: ins Hotel, zum Bahnhof)."
cbc265fa3ffc2837,"Vincent",de,"Wohin möchten Sie fahren?"
adb58f90b66df82a,"Vincent",de,"Wohin möchtest du im Urlaub fahren?"
8723929d68d48715,"Vincent",de,"Wohin reisen Sie als Nächstes?"
ca1f82a94344b3a6,"Vincent",de,"wohlauf, energisch"
729bdf93dfdb6b3e,"Vincent",de,"wohnen"
d9933d83c1713824,"Vincent",de,"Wohnung"
2b9041985991e0e9,"Vincent",de,"Wolf"
7d12ad04e6ff5e9f,"Vincent",de,"Wolke"
f22aef98c3361908,"Vincent",de,"Wort"
8b6706d3f7fc9a9e,"Vincent",de,"Wörter"
c699cd0a97902e91,"Vincent",de,"Wortschatz: Arbeit"
b07a076989862b3c,"Vincent",de,"Wortschatz: Aussehen"
f86a5ab5b24a046f,"Vincent",de,"Wortschatz: Einkaufen"
a911bef3493f1cda,"Vincent",de,"Wortschatz: Essen"
9fe9c84cafcf1579,"Vincent",de,"Wortschatz: Familie"
ec17e1a64c54b854,"Vincent",de,"Wortschatz: Gefühle"
bbe9c01774ee1538,"Vincent",de,"Wortschatz: Gesundheit & Anweisungen"
46df65f7472a48d9,"Vincent",de,"Wortschatz: Kleidung"
6f0788e723b75b97,"Vincent",de,"Wortschatz: Körper"
9d9058f58065fba6,"Vincent",de,"Wortschatz: Länder"
006080d07221a008,"Vincent",de,"Wortschatz: Landschaft"
c862a0dd48245625,"Vincent",de,"Wortschatz: Reisen"
a40a50a72cdda7b8,"Vincent",de,"Wortschatz: Schule"
bd28ee4685f9e54e,"Vincent",de,"Wortschatz: Tiere"
41ec2c813c4f5dbe,"Vincent",de,"Wortschatz: Verkehr"
6c294edf26d2230a,"Vincent",de,"Wortschatz: Wegbeschreibung"
37b4704045b3733c,"Vincent",de,"Wortschatz: Wetter"
4d56c00d3e586129,"Vincent",de,"Wortschatz: Zeit"
156457007b95689d,"Vincent",de,"Wortschatz: Zuhause"
6cc1a6d6d9eeb2e5,"Vincent",de,"Wow, sie sind groß!"
6fcbe3385d0edf41,"Vincent",de,"Wunder"
f7d9668e79dd0dad,"Vincent",de,"wunderschön"
3c5f0a115c95c8c7,"Vincent",de,"Wunsch"
c0425a1ab1ca84d6,"Vincent",de,"Wurst"
f69e85108f85d70f,"Vincent",de,"würzig"
abe5f5b0515dcb9c,"Vincent",de,"Wut"
2f2b447527e4e3f0,"Vincent",de,"wütend werden"
154b7317fb500fc3,"Vincent",de,"Zahl"
36da643551133daf,"Vincent",de,"Zahlen und Mengenangaben"
f199b8968f1777e0,"Vincent",de,"Zähne"
9dbde9c43bc25125,"Vincent",de,"zehn"
143996253a775f7d,"Vincent",de,"Zehn kleine Finger"
0a8672cdcc265ebb,"Vincent",de,"zeigen"
b59860f68407ffd5,"Vincent",de,"Zeigen Sie mir Ihre Hand!"
2f7cbd6bdd4881f5,"Vincent",de,"Zeit"
1f2a652de8a499af,"Vincent",de,"Zeitplan"
9c0a1fa7772af527,"Vincent",de,"Zeitpräpositionen"
adc5802707e90ce9,"Vincent",de,"Zimmer"
29145637ed72ccda,"Vincent",de,"Zitrone"
6f3e16c33e770706,"Vincent",de,"Zoll"
bdb6c3cbd1cb74d8,"Vincent",de,"Zone"
13c5e675e38c1101,"Vincent",de,"Zoo"
981b0dc97cda4bea,"Vincent",de,"Zopf"
afec4bbef052e4c7,"Vincent",de,"Zucker"
419a85b7967a83b6,"Vincent",de,"Zug"
d1cd4eba76dc986f,"Vincent",de,"Zuhause"
efd5ea4b5557ca9e,"Vincent",de,"Zum Bahnhof, bitte."
87baafa06e26cc93,"Vincent",de,"Zum Einsteigen benutzt man einsteigen in + Akkusativ (in den Bus einsteigen), zum Aussteigen aussteigen aus + Dativ (aus dem Bus aussteigen)."
f0795d7b43933a4e,"Vincent",de,"Zum Geburtstag liebe/r ［なまえ］"
6a54c514bdd3996c,"Vincent",de,"Zum Geburtstag viel Glück"
acea95aba8da5668,"Vincent",de,"Zunge"
a598e10dcfbbfa29,"Vincent",de,"zurückgehen"
b4d745ca034402dd,"Vincent",de,"zutraulich werden"
2053aa9d21f34b7f,"Vincent",de,"Zwei Personen."
f38044522d2f868e,"Vincent",de,"Zwiebel"
b9aa039f8c837288,"Vincent",de,"zwischen ... und beschreibt eine Zeitspanne."
6ff671d66c1c4c9d,"Vincent",de,"Zwischen zwei und drei Uhr habe ich frei."
a72063e4d6856765,"Vincent",de,"Zwischen zwei und drei Uhr habe ich Zeit."
71557ce4d5af35ff,"Vincent",zh,"dieser/diese/dieses（这个）与der/die/das一样，与名词的性一致：dieser Mantel（阳性）、diese Hose（阴性）、dieses Hemd（中性）。表示""那个""时，德语通常只是在名词后加上da或dort，而不用单独的词：die Schuhe da（那双鞋）。"
b3325808c88486dd,"Vincent",zh,"nicht否定动词、形容词和副词：Ich bin nicht traurig（我不难过）。kein否定带ein/eine或不带冠词的名词：Ich habe keine Sorge（我没有担心）。经验法则：如果是不带定冠词的名词，用kein；其他情况用nicht。"
a727921068d114ef,"Vincent",zh,"sein（是）用于描述或说明某人或某物：ich bin，du bist，er/sie/es ist，wir sind，ihr seid，sie sind。haben（有）表示拥有，对人、动物和物品都一样使用，德语只有一个动词：ich habe，du hast，er/sie/es hat。"
92bd24bc66317bc5,"Vincent",zh,"sein／haben"
7f225678aa074981,"Vincent",zh,"um用于具体时刻（um neun Uhr）。am用于星期几和一天中的时段（am Montag、am Vormittag）。im用于月份和季节（im Winter）。vor和nach表示某个时刻或事件的""之前""／""之后""。zwischen ... und表示一段时间范围。"
10416f7488cd8774,"Vincent",zh,"wo询问固定地点（答案用第三格：im Hotel）。wohin询问方向或目的地（答案用第四格：ins Hotel、zum Bahnhof）。对于没有冠词的城市和国家，使用nach：nach Berlin、nach Deutschland。"
2363f1c0115fef66,"Vincent",zh,"一个小孩子。（定语位置，中性-es）"
0cfb7179e9f311f0,"Vincent",zh,"一个苗条的女人。（定语位置，阴性-e）"
398248dcda48ce37,"Vincent",zh,"一个高个子男人。（定语位置，阳性-er）"
f7d90093f660f3ed,"Vincent",zh,"一匹马，两匹马（-e复数）"
ff50b9602c7d2fb9,"Vincent",zh,"一只熊猫，两只熊猫（-s复数，外来词）"
7e1b8d7fd3e57ddf,"Vincent",zh,"一只狗，两只狗（-e复数）"
8854ead69affb98a,"Vincent",zh,"一只猫，两只猫（-n复数）"
7a4eef161d9ae1a4,"Vincent",zh,"一只羊，两只羊（-e复数）"
8c79466c4e8418ea,"Vincent",zh,"一只鸟，两只鸟（变元音，无词尾）"
bfc9446f2dc5c9e0,"Vincent",zh,"一闪一闪亮晶晶"
66d215c55473caaf,"Vincent",zh,"下周可能会更凉爽。（比较级 + 可能）"
43ae281a62ccfd34,"Vincent",zh,"不，我是韩国人。（否定回答）"
35e980cbef1117b9,"Vincent",zh,"东京和大阪，哪个更热？（比较级，疑问句）"
f0f1c9a8d0c23d34,"Vincent",zh,"两点到三点之间我有时间。（zwischen ... und）"
d6d98396de78db44,"Vincent",zh,"两用介词（in, an, auf, unter, über, vor, hinter, neben, zwischen）在描述固定地点时（wo？）用第三格，在描述朝目的地移动时（wohin？）用第四格——与第11课相同的wo/wohin区分，现在体现在介词自身的格变化上。"
bd7faaf74f402b99,"Vincent",zh,"两用介词（地点）"
9856faed445116bb,"Vincent",zh,"主格与宾格：入门"
fd5783daf9e821b0,"Vincent",zh,"主格标记句子的主语（谁/什么在做动作）：der Chef、die Kollegin、das Projekt。宾格标记直接宾语（动作影响谁/什么）：Ich sehe den Chef（我看见老板）。只有阳性名词的冠词会变化（der → den，ein → einen）；阴性、中性和复数冠词在宾格中保持不变。"
84e14c30ae57fe53,"Vincent",zh,"云雀之歌"
f5efd71c0fd2e38f,"Vincent",zh,"交通"
2d11a7351101b433,"Vincent",zh,"交通工具：mit／einsteigen／aussteigen"
fbea09db5e06f7d9,"Vincent",zh,"人称代词"
1f44643131ffb31d,"Vincent",zh,"今天我们先学习关于交通的词汇。然后我们会学习交通工具：mit／einsteigen／aussteigen，练习两段对话，最后进行发音练习。"
d2f8defaf7409c55,"Vincent",zh,"今天我们先学习关于动物的词汇。然后我们会学习复数形式的构成，练习两段对话，最后进行发音练习。"
cda2bc5bcf448af5,"Vincent",zh,"今天我们先学习关于国家的词汇。然后我们会学习疑问词与出身：woher与aus，练习两段对话，最后进行发音练习。"
1c2717585b61d510,"Vincent",zh,"今天我们先学习关于外貌的词汇。然后我们会学习形容词：基础与变格，练习两段对话，最后进行发音练习。"
c3864c753d6306e4,"Vincent",zh,"今天我们先学习关于天气的词汇。然后我们会学习比较级与最高级：天气（巩固），练习两段对话，最后进行发音练习。"
ee7b29eef80ee99f,"Vincent",zh,"今天我们先学习关于学校的词汇。然后我们会学习可分动词：入门，练习两段对话，最后进行发音练习。"
d8d01b70ebaa1351,"Vincent",zh,"今天我们先学习关于家庭的词汇。然后我们会学习sein／haben，练习两段对话，最后进行发音练习。"
a41e38aab109d368,"Vincent",zh,"今天我们先学习关于家的词汇。然后我们会学习物主代词，练习两段对话，最后进行发音练习。"
423ec223f0fa014d,"Vincent",zh,"今天我们先学习关于工作的词汇。然后我们会学习主格与宾格：入门，练习两段对话，最后进行发音练习。"
23c97a9ecb57ec1f,"Vincent",zh,"今天我们先学习关于情绪的词汇。然后我们会学习否定：nicht／kein，练习两段对话，最后进行发音练习。"
40e7157e1c242c86,"Vincent",zh,"今天我们先学习关于方向的词汇。然后我们会学习两用介词（地点），练习两段对话，最后进行发音练习。"
775c952c9f98eaed,"Vincent",zh,"今天我们先学习关于旅行的词汇。然后我们会学习方向与地点：wo／wohin，练习两段对话，最后进行发音练习。"
3cdb8aa3ccd3ba8a,"Vincent",zh,"今天我们先学习关于时间的词汇。然后我们会学习时间介词，练习两段对话，最后进行发音练习。"
cc4f1ae776a7311b,"Vincent",zh,"今天我们先学习关于疾病与健康的词汇。然后我们会学习命令式，练习两段对话，最后进行发音练习。"
f0b6ada0a2e12fa1,"Vincent",zh,"今天我们先学习关于自然风光的词汇。然后我们会学习比较级与最高级，练习两段对话，最后进行发音练习。"
78f769d001f63a17,"Vincent",zh,"今天我们先学习关于衣服的词汇。然后我们会学习指示代词：dieser／das...da，练习两段对话，最后进行发音练习。"
288db5a6a9c8d321,"Vincent",zh,"今天我们先学习关于购物的词汇。然后我们会学习数字与数量，练习两段对话，最后进行发音练习。"
d03ea0f78f817b5e,"Vincent",zh,"今天我们先学习关于身体的词汇。然后我们会学习人称代词，练习两段对话，最后进行发音练习。"
a47e1d759b33bf39,"Vincent",zh,"今天我们先学习关于食物的词汇。然后我们会学习现在时，练习两段对话，最后进行发音练习。"
404fdd1872241e24,"Vincent",zh,"今天比昨天冷。（比较级，谓语）"
f6ad1264901469ae,"Vincent",zh,"今天没有昨天那么热。（否定比较）"
1d16cdab00dd70c6,"Vincent",zh,"从山顶眺望的景色"
736d5ec357b8401e,"Vincent",zh,"他不累。（nicht + 形容词）"
f305d852d41a32be,"Vincent",zh,"他们的手指很有力。（sie，复数）"
c513a1217ed7da4a,"Vincent",zh,"他喜欢吃鱼。（不规则：essen → isst，词干元音e变i）"
705f0bbf61b0180e,"Vincent",zh,"他很高。（表语位置——无词尾）"
de24d7a33b17ec5d,"Vincent",zh,"他的腿很长。（er）"
df179f474d31e82a,"Vincent",zh,"价格是一百欧元。（数字）"
cc184f00dba6e152,"Vincent",zh,"休息吧！（du命令式）"
7ba1198018080d17,"Vincent",zh,"会议九点开始。（um + 具体时刻）"
ce397cc450d0a2eb,"Vincent",zh,"会议后我有空。（nach + 名词）"
1bb761df568a2719,"Vincent",zh,"会话：以前养过的宠物"
2d67bda9cb532a65,"Vincent",zh,"会话：制定旅行计划"
4c1c5c189408d642,"Vincent",zh,"会话：办公室的位置"
e97f663d9730e008,"Vincent",zh,"会话：参观房子"
44fe3087629709aa,"Vincent",zh,"会话：和同事制定日程"
7ed7cab347cf9b70,"Vincent",zh,"会话：和孩子去动物园"
d1d8dca1a32b20cc,"Vincent",zh,"会话：和朋友买衣服"
8512b7666607af53,"Vincent",zh,"会话：和朋友约定见面"
beb0e6e5be5a2aa8,"Vincent",zh,"会话：在医院"
2bdf965d43b24cbe,"Vincent",zh,"会话：在市场"
0e54c9eb6f0d34f0,"Vincent",zh,"会话：急救"
f9cc980f292e0e81,"Vincent",zh,"会话：讲价"
3491cc55162b7bc9,"Vincent",zh,"会话：这是谁的？"
00284138da2eb3cc,"Vincent",zh,"会话：迷路的游客"
a5d4f09f6807dcb4,"Vincent",zh,"会话：选择服装"
c8389c9f06064fca,"Vincent",zh,"会话：问路去酒店"
f8ef2b44de560938,"Vincent",zh,"伦敦桥"
fc2b8fdb9a5c7e13,"Vincent",zh,"你也想喝点什么吗？（情态动词，疑问形）"
6e0a9bbaf502b619,"Vincent",zh,"你们的椅子在哪里？（euer）"
c131b8e03d1180da,"Vincent",zh,"你的手很大。（du）"
ee7297a3e02137d9,"Vincent",zh,"你要去哪里？（wohin——方向）"
dcca28145647aace,"Vincent",zh,"停车场在大楼后面。（hinter + 第三格）"
1732d2ec19a564f1,"Vincent",zh,"最冷的一天是在一月。（最高级，定语形式，词尾一致）"
c59940df99166830,"Vincent",zh,"最后，让我们一起唱首歌。"
07c9843fda6b2c11,"Vincent",zh,"出身用aus+国家表示：Ich komme aus Frankreich——大多数国家名不需要冠词。"
cf653ee8b727d8f2,"Vincent",zh,"划呀，迈克尔"
34e6d0159a89b6e7,"Vincent",zh,"初次见面，您是哪里人？"
0cebf8fc5e538e05,"Vincent",zh,"动物"
2f8f24e154b41768,"Vincent",zh,"去医院吧！（ihr命令式，复数）"
9a4ba8cf12117103,"Vincent",zh,"发音练习"
87b4a0aec45c0b65,"Vincent",zh,"发音练习2"
0aa61f73902d1aaf,"Vincent",zh,"可分动词：入门"
63831d7bd58cb1b7,"Vincent",zh,"同事帮助我。（主格，阴性——不变）"
b02e8351cba35c10,"Vincent",zh,"否定：nicht／kein"
f2d89ac759f20f41,"Vincent",zh,"周末我有空。（am + 类日期时段）"
0acee886c5bf9bce,"Vincent",zh,"命令式"
8e2f1848f1bf1d17,"Vincent",zh,"和同学讨论作业"
d94325f65b2441ef,"Vincent",zh,"和老师谈成绩"
03b640d985309272,"Vincent",zh,"咖啡馆在银行和邮局之间。（zwischen + 第三格）"
9dcb0d9502b6b362,"Vincent",zh,"国家"
2048111e1a88107a,"Vincent",zh,"在sein（er ist，sie ist）之后，形容词保持不变：Er ist groß。但当形容词直接放在名词前面时，需要加上与名词性别一致的词尾：ein großer Mann（阳性，-er）、eine schlanke Frau（阴性，-e）、ein kleines Kind（中性，-es）。"
706f567dea7d0a08,"Vincent",zh,"在派对上聊工作"
5776f4c1db6c8e82,"Vincent",zh,"基数1-12是：eins, zwei, drei, vier, fünf, sechs, sieben, acht, neun, zehn, elf, zwölf。它们直接放在所数的名词前，不需要量词。像viel(e)（多）和wenig(e)（少）这样的数量词也放在名词前——用于可数复数名词时会加词尾-e：viele Äpfel（很多苹果）、wenige Äpfel（很少苹果）。"
c50854993227423f,"Vincent",zh,"复数形式的构成"
2d8591d0ad9faa90,"Vincent",zh,"夏天比冬天热。（比较级，谓语）"
72039515cb2f2340,"Vincent",zh,"外貌"
7e6c7eeb44f841ff,"Vincent",zh,"天气"
94148b8ed04693d2,"Vincent",zh,"头、肩膀、膝盖、脚趾"
4b4fedb80991c507,"Vincent",zh,"她不害怕。（kein + 名词）"
c7680bfd07353422,"Vincent",zh,"她很苗条。（表语位置——无词尾）"
4a64b3643b0a7118,"Vincent",zh,"她点了一份汤。（规则sie形）"
5d644ea84593538d,"Vincent",zh,"她的手臂很短。（sie）"
e44a6a1dd594dc43,"Vincent",zh,"好好睡吧！（du命令式）"
60f4cda60a1d348b,"Vincent",zh,"学校"
56dd83dc4bc511b1,"Vincent",zh,"家"
a362af0eb51639b1,"Vincent",zh,"家庭"
b1ebbe808067a631,"Vincent",zh,"富士山是日本最高的山。（最高级，定语形式）"
fc177982035cc65f,"Vincent",zh,"对话A：介绍家人"
36d3bcb631194374,"Vincent",zh,"对话A：向警察描述"
5abacc8dad74f827,"Vincent",zh,"对话A：在医院"
1e4f284832311c93,"Vincent",zh,"对话A：在餐厅"
3c89eb2f635dcad9,"Vincent",zh,"对话A：安慰朋友"
576ad34de243948f,"Vincent",zh,"对话B：在机场找人"
cb2249560a40d04a,"Vincent",zh,"对话B：描述自己和朋友"
359d0fc1503097a1,"Vincent",zh,"对话B：日常饮食习惯"
0822f86249e75aaa,"Vincent",zh,"对话B：解释身体不适"
c57c0b5d7f1d9f8d,"Vincent",zh,"对话B：谁住在家里"
71ffd0adaf03e399,"Vincent",zh,"小蜘蛛"
860c8fded359e2e7,"Vincent",zh,"小路在街道旁边。（neben + 第三格）"
cf4a5783f3eea1a1,"Vincent",zh,"山和海，你更喜欢哪个？（gern的比较级：lieber）"
bab86c3d0fe0881c,"Vincent",zh,"山比海更安静。（比较级：-er + als）"
9a9359f635eb26bc,"Vincent",zh,"工作"
2241f4b2a8f92579,"Vincent",zh,"开场"
264605bcc3068471,"Vincent",zh,"开始之前，先听老师说几句话。"
b656436629e5f6bd,"Vincent",zh,"形容词：基础与变格"
04a71676b7e0cf31,"Vincent",zh,"德语命令式根据对话对象不同有三种形式。du形：省略代词，通常也省略词尾-st（du ruhst → Ruh dich aus!）。ihr形：不带代词的普通ihr形（ihr geht → Geht!）。礼貌的Sie形：动词与Sie互换顺序（Sie gehen → Gehen Sie!）。"
a3b478c384326baa,"Vincent",zh,"德语复数形式不遵循像英语-s那样单一的规则。常见的模式有：-e（der Hund → die Hunde）、-en/-n（die Katze → die Katzen）、变元音不加词尾或加-er（der Vogel → die Vögel），以及外来词常用的-s（der Panda → die Pandas）。最好把复数形式和每个名词一起记住。"
ef5228e66fa1f56a,"Vincent",zh,"德语现在时大多是规则的：动词词干＋词尾（-e、-st、-t、-en、-t、-en）。一些动词的词干元音会变化，例如essen（吃）→ er/sie isst（e变i）。像möchten这样的情态动词表示愿望，类似「想要」。"
6213ff38b9aea079,"Vincent",zh,"德语的人称代词有：ich（我）、du（你）、er/sie/es（他/她/它）、wir（我们）、ihr（你们）、sie（他们）、Sie（您，礼貌形式）。德语中代词绝不能省略——每个句子都需要主语——而且动词词尾会随代词变化（ich habe，du hast，er/sie/es hat）。"
af2436dbbc497769,"Vincent",zh,"德语的是非疑问句通过倒装构成——动词放在句首：Sind Sie Japaner/in?（而不是「Sie sind...?」）。疑问词问句使用woher（wo+her，「从哪里」）、was、wer、wann或wie等疑问词，动词仍位于第二位：Woher kommen Sie?"
f4e4066b576aac69,"Vincent",zh,"您从哪里来？（疑问词：woher）"
2f6d8d8fd103da49,"Vincent",zh,"您喜欢文化中的什么？（疑问词：was）"
d9b2a61db802441b,"Vincent",zh,"您是什么时候来日本的？（疑问词：wann）"
d8ae272de1421075,"Vincent",zh,"您是日本人吗？（是非问句，动词提前）"
83717e1fe6d7792e,"Vincent",zh,"情绪"
217bda3a9a07b89f,"Vincent",zh,"我七点出门。（um + 时刻）"
82a80ff76590ee6e,"Vincent",zh,"我上公交车。（einsteigen in + 宾格）"
4022593c17bbaf39,"Vincent",zh,"我上午有时间。（am + 一天中的时段）"
182d9e18b7c1081d,"Vincent",zh,"我上课时专心听讲。（aufpassen，分离形式）"
940d36cbfc9809ec,"Vincent",zh,"我不难过。（nicht + 形容词）"
e2e1e5515d1d8b4e,"Vincent",zh,"我买几个西红柿。（ein paar — 几个）"
5d24f67f7ae5106c,"Vincent",zh,"我交作业。（abgeben，分离形式）"
ffddea2178a2d845,"Vincent",zh,"我从法国来。（aus + 国家）"
ec01e4ffb115c272,"Vincent",zh,"我们喝水。（规则wir形）"
6c34c1b0bfc130d6,"Vincent",zh,"我们四点结束。（aufhören，分离形式）"
dbd7e0a4753a7d13,"Vincent",zh,"我们有一只猫。（haben — 动物也用同一个动词）"
768f685c80754c84,"Vincent",zh,"我们来听一段对话。"
d4abe8c1da720ed7,"Vincent",zh,"我们来看一些关于交通的词汇。"
3aa59d8384ba2a9c,"Vincent",zh,"我们来看一些关于动物的词汇。"
1ed6469512b5b0bd,"Vincent",zh,"我们来看一些关于国家的词汇。"
6d6b0a95df150c4e,"Vincent",zh,"我们来看一些关于外貌的词汇。"
3c3709a988cf22dd,"Vincent",zh,"我们来看一些关于天气的词汇。"
d04ba25646da8446,"Vincent",zh,"我们来看一些关于学校的词汇。"
a9398d811c2d6ff5,"Vincent",zh,"我们来看一些关于家庭的词汇。"
f8542fb0cf5a3ba7,"Vincent",zh,"我们来看一些关于家的词汇。"
ec2a8fce45603e60,"Vincent",zh,"我们来看一些关于工作的词汇。"
c824e60de6a7154f,"Vincent",zh,"我们来看一些关于情绪的词汇。"
901f444f000052ac,"Vincent",zh,"我们来看一些关于方向的词汇。"
ab91af18c3454f37,"Vincent",zh,"我们来看一些关于旅行的词汇。"
f8fda66129fb3e85,"Vincent",zh,"我们来看一些关于时间的词汇。"
a43b9c0564c03852,"Vincent",zh,"我们来看一些关于疾病与健康的词汇。"
0eb23be87b3f8c45,"Vincent",zh,"我们来看一些关于自然风光的词汇。"
4b587a54f6d68e6f,"Vincent",zh,"我们来看一些关于衣服的词汇。"
430f5381a78bc93b,"Vincent",zh,"我们来看一些关于购物的词汇。"
0f0d607ad7db0356,"Vincent",zh,"我们来看一些关于身体的词汇。"
48bac39509e9868e,"Vincent",zh,"我们来看一些关于食物的词汇。"
161b41f69638aebc,"Vincent",zh,"我们来看看今天的语法。"
c93b0ef26a0b8369,"Vincent",zh,"我们来练习发音。"
c7d46526cfee75c0,"Vincent",zh,"我们活动我们的手臂。（wir）"
300e07067775753e,"Vincent",zh,"我们要去柏林。（nach——城市，无冠词）"
7e904cc9a767b096,"Vincent",zh,"我们钱不多。（wenig — 不可数数量）"
8670062bca995237,"Vincent",zh,"我六点到公司。（ankommen + im + 与格，时间）"
3d46400cb2b3c90a,"Vincent",zh,"我写邮件。（宾格，eine——不变）"
6c160124ddd0a89b,"Vincent",zh,"我在下一站下车。（aussteigen——地点）"
7386a567b90408da,"Vincent",zh,"我在会议前做准备。（vor + 名词）"
3312dd5e17559155,"Vincent",zh,"我在新宿换乘。（umsteigen——换乘地点）"
53c5b6af3220f749,"Vincent",zh,"我在酒店。（im——固定地点，第三格）"
09d12ed02af2e3e5,"Vincent",zh,"我坐电车去学校。（mit + 与格——交通方式）"
9674665b8845fc6f,"Vincent",zh,"我家很大。（sein — 描述）"
c166357de8678e43,"Vincent",zh,"我想吃寿司。（情态动词：möchten）"
cbc2f8b038e06def,"Vincent",zh,"我想好好准备。（vorbereiten，不定式保持完整）"
0976f896efef3016,"Vincent",zh,"我有一个哥哥。（haben — 对人也用同一个动词）"
94b726c2cf87d56f,"Vincent",zh,"我每天吃面包。（规则ich形）"
a3ca95983f825225,"Vincent",zh,"我没有哭。（nicht + 动词）"
dc5bf1b7ee72d42e,"Vincent",zh,"我没有担心。（kein + 名词）"
243d8877bc091cf3,"Vincent",zh,"我父母很友善。（sein — 复数描述）"
e2b10cd9649b3dba,"Vincent",zh,"我父母有一栋房子。（haben — 物品也用同一个动词）"
1578b05596684c6a,"Vincent",zh,"我的日常通勤"
db33f5c41f0da353,"Vincent",zh,"我的背很强壮。（ich）"
2d3393c58da9c2fd,"Vincent",zh,"我看见同事。（宾格，阴性——不变）"
aa3dcf1d76057921,"Vincent",zh,"我看见老板。（宾格，der → den）"
3d81be3195ad37f2,"Vincent",zh,"我要去火车站。（zum——方向，与介词融合的第三格）"
e651234c0a816962,"Vincent",zh,"我遇到了一个同事。（宾格，ein → einen）"
07c82dc0b6db20a1,"Vincent",zh,"我需要两个西红柿。（数字+所数名词，无量词）"
f375843e32c95fc1,"Vincent",zh,"把书带来！（mitbringen，命令式）"
7ccc36caca9e59a8,"Vincent",zh,"抱怨难相处的同事"
896462b2914c82d2,"Vincent",zh,"指示代词：dieser／das...da"
edba1a8d8b6b4ce9,"Vincent",zh,"接下来，让我们用更多的例子来练习。"
d05027cb9f60778b,"Vincent",zh,"接下来，让我们练习使用dieser和da的例句。"
cb165719ee1ec86c,"Vincent",zh,"接下来，让我们练习使用haben的例句。"
dc8cfc566711cba8,"Vincent",zh,"接下来，让我们练习使用nicht和kein的例句。"
46949ea4c33a6f25,"Vincent",zh,"接下来，让我们练习使用sein的例句。"
e2bbc138147b0769,"Vincent",zh,"接下来，让我们练习使用woher和aus的例句。"
ca8ef1a5323e7e5c,"Vincent",zh,"接下来，让我们练习使用wo和wohin的例句。"
6da7d104194df565,"Vincent",zh,"接下来，让我们练习使用主格和宾格的例句。"
4e075b615f8fcd5f,"Vincent",zh,"接下来，让我们练习使用交通工具的例句。"
11746c621672f70a,"Vincent",zh,"接下来，让我们练习使用人称代词的例句。"
3a2bfd85bc2a4ece,"Vincent",zh,"接下来，让我们练习使用最高级的例句。"
e0e0d468a3bbb594,"Vincent",zh,"接下来，让我们练习使用双格介词的例句。"
fb4da0381bf1c0a0,"Vincent",zh,"接下来，让我们练习使用可分动词的例句。"
2875bb36cb8b2efc,"Vincent",zh,"接下来，让我们练习使用命令式的例句。"
3fd9ffb2166e1002,"Vincent",zh,"接下来，让我们练习使用复数形式的例句。"
5ada651acafe82d7,"Vincent",zh,"接下来，让我们练习使用形容词的例句。"
0f4d24abcb6dcf34,"Vincent",zh,"接下来，让我们练习使用数字和数量的例句。"
cb156d0f4586382e,"Vincent",zh,"接下来，让我们练习使用时间介词的例句。"
7c1a226dedb5eddf,"Vincent",zh,"接下来，让我们练习使用比较级的例句。"
77cc828ddd663f6d,"Vincent",zh,"接下来，让我们练习使用物主代词的例句。"
d30f0b952e46dddf,"Vincent",zh,"接下来，让我们练习使用现在时的例句。"
1b2b0231483e2bac,"Vincent",zh,"接下来，让我们练习比较天气的例句。"
e194e5fb8bcacf28,"Vincent",zh,"数字与数量"
3017959ed352827c,"Vincent",zh,"方向"
536e20a97c4eb8df,"Vincent",zh,"方向与地点：wo／wohin"
e243665b7699402a,"Vincent",zh,"旅行"
46cf75af7e9fa0c5,"Vincent",zh,"旅行采访"
89d10792bd8016c8,"Vincent",zh,"时间"
d50e774517b7b46f,"Vincent",zh,"时间介词"
c73218dc4c962849,"Vincent",zh,"有很多特价商品。（viele — 复数数量）"
f91ba26f0ca0621a,"Vincent",zh,"本课再次巩固第15课的比较级与最高级，这次以天气为主题，并补充形容词词尾：当比较级或最高级直接放在名词前面时，需要加上和普通形容词一样的词尾——der kälteste Tag（而不是「der kältest Tag」）。"
1771826fc727278c,"Vincent",zh,"欢迎！今天我们要学习关于交通的内容。"
037903d38a05cb2d,"Vincent",zh,"欢迎！今天我们要学习关于动物的内容。"
04cdd737e76bc6d4,"Vincent",zh,"欢迎！今天我们要学习关于国家的内容。"
df6dc64851a67dbd,"Vincent",zh,"欢迎！今天我们要学习关于外貌的内容。"
a45cc44eab30a5f3,"Vincent",zh,"欢迎！今天我们要学习关于天气的内容。"
1fec3e1100ec98fd,"Vincent",zh,"欢迎！今天我们要学习关于学校的内容。"
0578eb56a7c32760,"Vincent",zh,"欢迎！今天我们要学习关于家庭的内容。"
7d394cfa28d1bb5c,"Vincent",zh,"欢迎！今天我们要学习关于家的内容。"
2a37e9ec67de465a,"Vincent",zh,"欢迎！今天我们要学习关于工作的内容。"
657ca14974d76231,"Vincent",zh,"欢迎！今天我们要学习关于情绪的内容。"
8e166949642b9ce4,"Vincent",zh,"欢迎！今天我们要学习关于方向的内容。"
e29393d1eab9edf5,"Vincent",zh,"欢迎！今天我们要学习关于旅行的内容。"
b72256edff8a39bf,"Vincent",zh,"欢迎！今天我们要学习关于时间的内容。"
dda621c96aac09fb,"Vincent",zh,"欢迎！今天我们要学习关于疾病与健康的内容。"
79c7cc84ee9a0c62,"Vincent",zh,"欢迎！今天我们要学习关于自然风光的内容。"
8b751f66f7d5899d,"Vincent",zh,"欢迎！今天我们要学习关于衣服的内容。"
007ab35392372835,"Vincent",zh,"欢迎！今天我们要学习关于购物的内容。"
56cc08bf5b9501dd,"Vincent",zh,"欢迎！今天我们要学习关于身体的内容。"
95136fda73069de9,"Vincent",zh,"欢迎！今天我们要学习关于食物的内容。"
ac9fd5736bb10887,"Vincent",zh,"比较两座城市的天气"
7990617b154f9546,"Vincent",zh,"比较级与最高级"
b7bc79c62d4c6acb,"Vincent",zh,"比较级与最高级：天气（巩固）"
92e493077758bdc8,"Vincent",zh,"比较级用于比较两个事物：形容词+-er+als（山比海更安静）。最高级用于在多个中选出一个：am+形容词+-sten（富士山最高）或der/die/das+形容词+-ste+名词（最高的山）。有些形容词会改变词干元音（hoch → höher → am höchsten）。"
8dbd02575f4b4da9,"Vincent",zh,"流程"
48f5b093f2b51e62,"Vincent",zh,"海边的风景更美。（比较级，定语形式）"
c9b7c58dfdecd0e4,"Vincent",zh,"火车开往市区。（in die——方向，第四格）"
33094a466fd1055d,"Vincent",zh,"火车站在哪里？（wo——固定地点）"
4da3e3370aa9c9a8,"Vincent",zh,"物主代词"
f39eb80f15f8ba07,"Vincent",zh,"物主代词表示某物属于谁：mein(e)（我的）、dein(e)（你的，非正式）、sein(e)（他的）、ihr(e)（她的）、unser(e)（我们的）、euer/eure（你们的）、ihr(e)（他们的）、以及Ihr(e)（您的，正式）。阴性和复数名词后加词尾-e，其他情况保持词干原形。"
721fba2e3fafd2d0,"Vincent",zh,"现在时"
81b0a9573a900b8f,"Vincent",zh,"疑问词与出身：woher与aus"
8cba0b67ab9d6af4,"Vincent",zh,"疾病与健康"
106eb172135f5258,"Vincent",zh,"红绿灯在拐角处。（an + 第三格，固定地点）"
354ce333672a8aad,"Vincent",zh,"练习：haben"
730cb4041d94a46d,"Vincent",zh,"练习：mit／einsteigen／aussteigen"
e35c406569925a07,"Vincent",zh,"练习：nicht／kein"
56cb9bfb704d7857,"Vincent",zh,"练习：sein"
e8bc9783b648667b,"Vincent",zh,"练习：wo／wohin"
8ca095c47a91ecac,"Vincent",zh,"练习：woher／aus"
7069fdcafd2792c0,"Vincent",zh,"练习：主格与宾格"
661c2326f5476bfb,"Vincent",zh,"练习：人称代词"
f308e163dfe3ab24,"Vincent",zh,"练习：最高级"
5750c6dc0fc2e0c5,"Vincent",zh,"练习：双格介词"
bfc6d84b5d57fb0c,"Vincent",zh,"练习：可分动词"
bc1bdba0658b3160,"Vincent",zh,"练习：命令式"
c9399a04e271ff98,"Vincent",zh,"练习：复数形式"
a6d3c8b1508028cb,"Vincent",zh,"练习：形容词"
c99f63ee6a45b051,"Vincent",zh,"练习：数字与数量"
a4fc3027a04e0ddb,"Vincent",zh,"练习：时间介词"
3e832c131ec09e91,"Vincent",zh,"练习：比较天气"
f0b1db976d3ee19a,"Vincent",zh,"练习：比较级"
499b5753b1112c00,"Vincent",zh,"练习：物主代词"
44daf8bc79dc8db8,"Vincent",zh,"练习：现在时"
160e9670f39a6562,"Vincent",zh,"练习：这个／那个"
1cda111e31582a93,"Vincent",zh,"给出租车司机指路"
54e29de19656f9c9,"Vincent",zh,"老板很严格。（主格，主语）"
c60ff20ab84764da,"Vincent",zh,"聊聊今天的天气"
64a98eb63c41836f,"Vincent",zh,"自然风光"
16d2c21ad2bf56b1,"Vincent",zh,"衣服"
c030048d7cdab9fb,"Vincent",zh,"表示交通方式时用mit+与格：mit dem Zug、mit dem Bus。上车用einsteigen in+宾格（上公交车），下车用aussteigen aus+与格（下公交车）。换乘时对新交通工具用umsteigen in+宾格，或者直接用地名：in Shinjuku umsteigen。"
0784b1d8c77aaa03,"Vincent",zh,"许多德语动词带有可分离的前缀（auf-、an-、mit-、ab-、vor-等）。在现在时和命令式中，前缀会移到句末：aufpassen（专心）→ Ich passe im Unterricht auf。在不定式中，动词保持在一起：Ich möchte gut aufpassen。词重音总是落在前缀上。"
3824baf443e0bd26,"Vincent",zh,"词汇：交通"
041b3166ecc42f89,"Vincent",zh,"词汇：动物"
f2ca484a8a1cba80,"Vincent",zh,"词汇：国家"
6e7e634a7999a744,"Vincent",zh,"词汇：外貌"
4f98054ea6104d56,"Vincent",zh,"词汇：天气"
88e0ec823224583b,"Vincent",zh,"词汇：学校"
357ed1e47c1d182f,"Vincent",zh,"词汇：家"
62588b254f89c8d1,"Vincent",zh,"词汇：家庭"
6fcdbab5255460bd,"Vincent",zh,"词汇：工作"
64e1f64f32073f2f,"Vincent",zh,"词汇：情绪"
b00dae6d4f7be2b5,"Vincent",zh,"词汇：方向"
5388bfe5c4b46ee6,"Vincent",zh,"词汇：旅行"
294a8dd677a482de,"Vincent",zh,"词汇：时间"
f5e87e788c162ddc,"Vincent",zh,"词汇：疾病与健康"
b5aa51c91869e945,"Vincent",zh,"词汇：自然风光"
4105074fd2ed83c5,"Vincent",zh,"词汇：衣服"
e98086a28031f1d2,"Vincent",zh,"词汇：购物"
195c90cf7f51df78,"Vincent",zh,"词汇：身体"
1adc2066a67e0e85,"Vincent",zh,"词汇：食物"
bd85b32b951d90fe,"Vincent",zh,"请不要担心！（礼貌的Sie命令式，否定）"
700ecaf693049307,"Vincent",zh,"请在路口前转弯。（vor + 第三格）"
f3cb7c790735bb7b,"Vincent",zh,"请服药！（礼貌的Sie命令式）"
5471292b8782f736,"Vincent",zh,"请走到拐角处。（an + 第四格，移动）"
7070490ca6128e4e,"Vincent",zh,"请躺下！（礼貌的Sie命令式）"
50bf70bf6a50d401,"Vincent",zh,"课程八点开始。（anfangen，分离形式）"
f74c8844ca481c3a,"Vincent",zh,"购物"
9b31bfce7bf0cca4,"Vincent",zh,"身体"
ee4e17a2bd902106,"Vincent",zh,"这不难。（nicht + 形容词）"
d58aa7eebe6dee46,"Vincent",zh,"这个孩子很小。（表语位置——无词尾）"
11b9fef81c36df10,"Vincent",zh,"这个湖没有那个湖大。（否定比较：nicht so ... wie）"
933abbc27e5a73bc,"Vincent",zh,"这件大衣很暖和。（dieser — 阳性）"
3e7b82dac6cf8811,"Vincent",zh,"这件衬衫很漂亮。（dieses — 中性）"
38bfbf7ea5b71b3b,"Vincent",zh,"这位老爷爷"
537f4c5c93e09dc3,"Vincent",zh,"这是我爸爸。（sein — 说明身份）"
457971202e1ec995,"Vincent",zh,"这是我的房间。（mein）"
ffb9d9143bd3edaa,"Vincent",zh,"这条裤子太紧了。（diese — 阴性）"
62ed3333a8813db1,"Vincent",zh,"这条路最轻松。（最高级：am -sten）"
9531aa1f800c9952,"Vincent",zh,"选择度假地点"
1e63e6c2ac0bb9bb,"Vincent",zh,"那个要十欧元。（数字）"
621e518854e1f4a5,"Vincent",zh,"那件裙子很漂亮。（das ... dort）"
7413c3e3799cf62b,"Vincent",zh,"那双鞋是新的。（die ... da，复数）"
ee3df391cdee4b9f,"Vincent",zh,"那是他的床。（sein）"
96286cd5e35fe7a7,"Vincent",zh,"那是你的帽子吗？（作为指示代词的das）"
a28655489e38d1d6,"Vincent",zh,"那是你的钥匙吗？（dein）"
9dec56771571c1e2,"Vincent",zh,"那是她的桌子。（ihr）"
192ed971cb16f050,"Vincent",zh,"那是我们的房子。（unser）"
80530560757fd5fb,"Vincent",zh,"雅各弟兄"
fa9388c17e9946da,"Vincent",zh,"食物"
cf8de2d0da94546c,"Vincent",zh,"麦克唐纳大叔的农场"